dataset,candidate_id,transformation,source_features,validation_score,gain,evaluation_time,status,error
california_housing,LOG(MedInc),LOG,['MedInc'],0.7489440316859244,0.00014249175654246216,0.4475228786468506,success,
california_housing,SQRT(MedInc),SQRT,['MedInc'],0.7489426185851763,0.00014107865579437995,0.446270227432251,success,
california_housing,SQUARE(MedInc),SQUARE,['MedInc'],0.7472828925794806,-0.0015186473499013697,0.4703996181488037,success,
california_housing,ABS(MedInc),ABS,['MedInc'],0.7474676618480985,-0.0013338780812833795,0.46851229667663574,success,
california_housing,LOG(HouseAge),LOG,['HouseAge'],0.7478466848512124,-0.0009548550781695031,0.45300817489624023,success,
california_housing,SQRT(HouseAge),SQRT,['HouseAge'],0.7477965992984359,-0.0010049406309460274,0.4493391513824463,success,
california_housing,SQUARE(HouseAge),SQUARE,['HouseAge'],0.744044582541655,-0.004756957387726968,0.46045398712158203,success,
california_housing,ABS(HouseAge),ABS,['HouseAge'],0.743829766643384,-0.00497177328599796,0.4596829414367676,success,
california_housing,LOG(AveRooms),LOG,['AveRooms'],0.7501590986632407,0.001357558733858788,0.48018884658813477,success,
california_housing,SQRT(AveRooms),SQRT,['AveRooms'],0.7501313704906132,0.00132983056123126,0.4912834167480469,success,
california_housing,SQUARE(AveRooms),SQUARE,['AveRooms'],0.744620123329621,-0.004181416599760901,0.5159511566162109,success,
california_housing,ABS(AveRooms),ABS,['AveRooms'],0.7445713178669968,-0.004230222062385103,0.5193216800689697,success,
california_housing,LOG(AveBedrms),LOG,['AveBedrms'],0.7476820927351937,-0.0011194471941882167,0.4965987205505371,success,
california_housing,SQRT(AveBedrms),SQRT,['AveBedrms'],0.7477097797851144,-0.001091760144267484,0.4923563003540039,success,
california_housing,SQUARE(AveBedrms),SQUARE,['AveBedrms'],0.7440128230417673,-0.004788716887614619,0.5221354961395264,success,
california_housing,ABS(AveBedrms),ABS,['AveBedrms'],0.7444480329342776,-0.004353506995104284,0.5132653713226318,success,
california_housing,LOG(Population),LOG,['Population'],0.7478202396411459,-0.0009813002882360644,0.504960298538208,success,
california_housing,SQRT(Population),SQRT,['Population'],0.7478660650430139,-0.0009354748863680262,0.5007245540618896,success,
california_housing,SQUARE(Population),SQUARE,['Population'],0.745088580312251,-0.0037129596171309176,0.5279457569122314,success,
california_housing,ABS(Population),ABS,['Population'],0.7447054183407293,-0.004096121588652579,0.5246999263763428,success,
california_housing,LOG(AveOccup),LOG,['AveOccup'],0.7476224204419295,-0.001179119487452418,0.5052399635314941,success,
california_housing,SQRT(AveOccup),SQRT,['AveOccup'],0.7476611141899292,-0.0011404257394527217,0.5069806575775146,success,
california_housing,SQUARE(AveOccup),SQUARE,['AveOccup'],0.7459760965436761,-0.0028254433857057837,0.520488977432251,success,
california_housing,ABS(AveOccup),ABS,['AveOccup'],0.7458960869017801,-0.002905453027601812,0.5260987281799316,success,
california_housing,LOG(Latitude),LOG,['Latitude'],0.7469338140742057,-0.00186772585517625,0.5036141872406006,success,
california_housing,SQRT(Latitude),SQRT,['Latitude'],0.7469893022759001,-0.0018122376534818185,0.5038900375366211,success,
california_housing,SQUARE(Latitude),SQUARE,['Latitude'],0.7585492858423235,0.009747745912941586,0.52874755859375,success,
california_housing,ABS(Latitude),ABS,['Latitude'],0.7584779493111564,0.009676409381774498,0.526686429977417,success,
california_housing,LOG(Longitude),LOG,['Longitude'],0.7475155743648967,-0.0012859655644852364,0.5108134746551514,success,
california_housing,SQRT(Longitude),SQRT,['Longitude'],0.7475685498119762,-0.0012329901174057412,0.5147030353546143,success,
california_housing,SQUARE(Longitude),SQUARE,['Longitude'],0.7549125720798759,0.006111032150494022,0.5281546115875244,success,
california_housing,ABS(Longitude),ABS,['Longitude'],0.7551349125918654,0.006333372662483461,0.5389552116394043,success,
california_housing,"ADD(MedInc,HouseAge)",ADD,"['MedInc', 'HouseAge']",0.7457613168188093,-0.003040223110572615,0.5231294631958008,success,
california_housing,"SUB(MedInc,HouseAge)",SUB,"['MedInc', 'HouseAge']",0.7490931958436088,0.00029165591422686266,0.5312907695770264,success,
california_housing,"MUL(MedInc,HouseAge)",MUL,"['MedInc', 'HouseAge']",0.7468430921940303,-0.0019584477353515872,0.5208194255828857,success,
california_housing,"DIV(MedInc,HouseAge)",DIV,"['MedInc', 'HouseAge']",0.7468636264632711,-0.00193791346611083,0.5446889400482178,success,
california_housing,"ADD(MedInc,AveRooms)",ADD,"['MedInc', 'AveRooms']",0.7443810177538241,-0.004420522175557773,0.591364860534668,success,
california_housing,"SUB(MedInc,AveRooms)",SUB,"['MedInc', 'AveRooms']",0.74206330671878,-0.006738233210601963,0.6134719848632812,success,
california_housing,"MUL(MedInc,AveRooms)",MUL,"['MedInc', 'AveRooms']",0.7464303785892867,-0.0023711613400951848,0.5769383907318115,success,
california_housing,"DIV(MedInc,AveRooms)",DIV,"['MedInc', 'AveRooms']",0.7392192763885481,-0.009582263540833802,0.5886101722717285,success,
california_housing,"ADD(MedInc,AveBedrms)",ADD,"['MedInc', 'AveBedrms']",0.741248876609931,-0.007552663319450925,0.5812637805938721,success,
california_housing,"SUB(MedInc,AveBedrms)",SUB,"['MedInc', 'AveBedrms']",0.7453070372978716,-0.003494502631510299,0.5832831859588623,success,
california_housing,"MUL(MedInc,AveBedrms)",MUL,"['MedInc', 'AveBedrms']",0.745237087061047,-0.0035644528683349552,0.5864312648773193,success,
california_housing,"DIV(MedInc,AveBedrms)",DIV,"['MedInc', 'AveBedrms']",0.7458018690250863,-0.002999670904295648,0.5879716873168945,success,
california_housing,"ADD(MedInc,Population)",ADD,"['MedInc', 'Population']",0.7477664112612818,-0.0010351286681000715,0.5836207866668701,success,
california_housing,"SUB(MedInc,Population)",SUB,"['MedInc', 'Population']",0.7453073877775811,-0.0034941521518008223,0.5851218700408936,success,
california_housing,"MUL(MedInc,Population)",MUL,"['MedInc', 'Population']",0.7486726721148462,-0.00012886781453569363,0.5931034088134766,success,
california_housing,"DIV(MedInc,Population)",DIV,"['MedInc', 'Population']",0.7461453851736956,-0.0026561547556863685,0.5878264904022217,success,
california_housing,"ADD(MedInc,AveOccup)",ADD,"['MedInc', 'AveOccup']",0.7436947612256533,-0.005106778703728665,0.5876452922821045,success,
california_housing,"SUB(MedInc,AveOccup)",SUB,"['MedInc', 'AveOccup']",0.7515199744314521,0.0027184345020702105,0.5851242542266846,success,
california_housing,"MUL(MedInc,AveOccup)",MUL,"['MedInc', 'AveOccup']",0.7531912578282083,0.004389717898826362,0.5800912380218506,success,
california_housing,"DIV(MedInc,AveOccup)",DIV,"['MedInc', 'AveOccup']",0.7452515709048981,-0.00354996902448379,0.596693754196167,success,
california_housing,"ADD(MedInc,Latitude)",ADD,"['MedInc', 'Latitude']",0.7476515616805073,-0.001149978248874639,0.5705766677856445,success,
california_housing,"SUB(MedInc,Latitude)",SUB,"['MedInc', 'Latitude']",0.7505794216837677,0.0017778817543857572,0.5860128402709961,success,
california_housing,"MUL(MedInc,Latitude)",MUL,"['MedInc', 'Latitude']",0.7478544869788428,-0.0009470529505390957,0.580268144607544,success,
california_housing,"DIV(MedInc,Latitude)",DIV,"['MedInc', 'Latitude']",0.7519325386872929,0.0031309987579110077,0.5783710479736328,success,
california_housing,"ADD(MedInc,Longitude)",ADD,"['MedInc', 'Longitude']",0.7424955821947338,-0.006305957734648149,0.5718424320220947,success,
california_housing,"SUB(MedInc,Longitude)",SUB,"['MedInc', 'Longitude']",0.7520383883826278,0.0032368484532458996,0.5660760402679443,success,
california_housing,"MUL(MedInc,Longitude)",MUL,"['MedInc', 'Longitude']",0.7487075336043363,-9.400632504563688e-05,0.589850664138794,success,
california_housing,"DIV(MedInc,Longitude)",DIV,"['MedInc', 'Longitude']",0.7475402064384012,-0.0012613334909806762,0.591193675994873,success,
california_housing,"ADD(HouseAge,AveRooms)",ADD,"['HouseAge', 'AveRooms']",0.7497082698678221,0.0009067299384402094,0.5707738399505615,success,
california_housing,"SUB(HouseAge,AveRooms)",SUB,"['HouseAge', 'AveRooms']",0.7466617944084493,-0.0021397455209326566,0.5653636455535889,success,
california_housing,"MUL(HouseAge,AveRooms)",MUL,"['HouseAge', 'AveRooms']",0.7452739929929206,-0.00352754693646129,0.5740289688110352,success,
california_housing,"DIV(HouseAge,AveRooms)",DIV,"['HouseAge', 'AveRooms']",0.7437844829278799,-0.005017057001502012,0.5815041065216064,success,
california_housing,"ADD(HouseAge,AveBedrms)",ADD,"['HouseAge', 'AveBedrms']",0.7476329684598106,-0.0011685714695712779,0.5783677101135254,success,
california_housing,"SUB(HouseAge,AveBedrms)",SUB,"['HouseAge', 'AveBedrms']",0.7438016472085031,-0.004999892720878862,0.5734806060791016,success,
california_housing,"MUL(HouseAge,AveBedrms)",MUL,"['HouseAge', 'AveBedrms']",0.7451127233253272,-0.0036888166040547343,0.5896451473236084,success,
california_housing,"DIV(HouseAge,AveBedrms)",DIV,"['HouseAge', 'AveBedrms']",0.7469543059579384,-0.0018472339714434849,0.5660693645477295,success,
california_housing,"ADD(HouseAge,Population)",ADD,"['HouseAge', 'Population']",0.745753722760879,-0.0030478171685028865,0.5793323516845703,success,
california_housing,"SUB(HouseAge,Population)",SUB,"['HouseAge', 'Population']",0.7506653106697959,0.0018637707404139947,0.5692763328552246,success,
california_housing,"MUL(HouseAge,Population)",MUL,"['HouseAge', 'Population']",0.7505070658529726,0.001705525923590634,0.5771636962890625,success,
california_housing,"DIV(HouseAge,Population)",DIV,"['HouseAge', 'Population']",0.7454146671376679,-0.003386872791714013,0.5866477489471436,success,
california_housing,"ADD(HouseAge,AveOccup)",ADD,"['HouseAge', 'AveOccup']",0.7464866919533625,-0.0023148479760194407,0.5728554725646973,success,
california_housing,"SUB(HouseAge,AveOccup)",SUB,"['HouseAge', 'AveOccup']",0.7458067115309965,-0.002994828398385385,0.576326847076416,success,
california_housing,"MUL(HouseAge,AveOccup)",MUL,"['HouseAge', 'AveOccup']",0.7491103139611279,0.00030877403174600637,0.579237699508667,success,
california_housing,"DIV(HouseAge,AveOccup)",DIV,"['HouseAge', 'AveOccup']",0.7506977526404306,0.0018962127110486726,0.5747671127319336,success,
california_housing,"ADD(HouseAge,Latitude)",ADD,"['HouseAge', 'Latitude']",0.7435218909609969,-0.0052796489683850645,0.5751142501831055,success,
california_housing,"SUB(HouseAge,Latitude)",SUB,"['HouseAge', 'Latitude']",0.7382226288689133,-0.010578911060468599,0.5809273719787598,success,
california_housing,"MUL(HouseAge,Latitude)",MUL,"['HouseAge', 'Latitude']",0.7428806602946565,-0.005920879634725429,0.5656263828277588,success,
california_housing,"DIV(HouseAge,Latitude)",DIV,"['HouseAge', 'Latitude']",0.7503504066519318,0.0015488667225498354,0.5754194259643555,success,
california_housing,"ADD(HouseAge,Longitude)",ADD,"['HouseAge', 'Longitude']",0.7466193878349194,-0.002182152094462486,0.572425127029419,success,
california_housing,"SUB(HouseAge,Longitude)",SUB,"['HouseAge', 'Longitude']",0.7478025702999958,-0.0009989696293861705,0.5763697624206543,success,
california_housing,"MUL(HouseAge,Longitude)",MUL,"['HouseAge', 'Longitude']",0.7477025341287629,-0.0010990058006190573,0.5784602165222168,success,
california_housing,"DIV(HouseAge,Longitude)",DIV,"['HouseAge', 'Longitude']",0.7515383643369854,0.0027368244076034776,0.572258710861206,success,
california_housing,"ADD(AveRooms,AveBedrms)",ADD,"['AveRooms', 'AveBedrms']",0.7508564260743074,0.0020548861449254385,0.5677909851074219,success,
california_housing,"SUB(AveRooms,AveBedrms)",SUB,"['AveRooms', 'AveBedrms']",0.748207480605614,-0.0005940593237678815,0.5738632678985596,success,
california_housing,"MUL(AveRooms,AveBedrms)",MUL,"['AveRooms', 'AveBedrms']",0.7446789581774023,-0.004122581751979659,0.5808289051055908,success,
california_housing,"DIV(AveRooms,AveBedrms)",DIV,"['AveRooms', 'AveBedrms']",0.7496854263283916,0.0008838863990097146,0.5756962299346924,success,
california_housing,"ADD(AveRooms,Population)",ADD,"['AveRooms', 'Population']",0.7492672073521555,0.00046566742277354134,0.5669212341308594,success,
california_housing,"SUB(AveRooms,Population)",SUB,"['AveRooms', 'Population']",0.7456796122888603,-0.00312192764052166,0.5607528686523438,success,
california_housing,"MUL(AveRooms,Population)",MUL,"['AveRooms', 'Population']",0.7429141904049194,-0.005887349524462571,0.5796775817871094,success,
california_housing,"DIV(AveRooms,Population)",DIV,"['AveRooms', 'Population']",0.7444238902834559,-0.004377649645926018,0.5716512203216553,success,
california_housing,"ADD(AveRooms,AveOccup)",ADD,"['AveRooms', 'AveOccup']",0.7526936570079052,0.0038921170785233272,0.5778203010559082,success,
california_housing,"SUB(AveRooms,AveOccup)",SUB,"['AveRooms', 'AveOccup']",0.7489793689072397,0.00017782897785778573,0.5661342144012451,success,
california_housing,"MUL(AveRooms,AveOccup)",MUL,"['AveRooms', 'AveOccup']",0.7536053319018036,0.004803791972421645,0.5753211975097656,success,
california_housing,"DIV(AveRooms,AveOccup)",DIV,"['AveRooms', 'AveOccup']",0.7488503717474941,4.883181811221604e-05,0.5757052898406982,success,
california_housing,"ADD(AveRooms,Latitude)",ADD,"['AveRooms', 'Latitude']",0.7506002938565758,0.0017987539271938635,0.5786707401275635,success,
california_housing,"SUB(AveRooms,Latitude)",SUB,"['AveRooms', 'Latitude']",0.7472942333563634,-0.001507306573018563,0.5657331943511963,success,
california_housing,"MUL(AveRooms,Latitude)",MUL,"['AveRooms', 'Latitude']",0.7444900832059242,-0.004311456723457674,0.5799753665924072,success,
california_housing,"DIV(AveRooms,Latitude)",DIV,"['AveRooms', 'Latitude']",0.7456499804742436,-0.003151559455138342,0.5766839981079102,success,
california_housing,"ADD(AveRooms,Longitude)",ADD,"['AveRooms', 'Longitude']",0.7483588886239112,-0.0004426513054707204,0.5807008743286133,success,
california_housing,"SUB(AveRooms,Longitude)",SUB,"['AveRooms', 'Longitude']",0.7475032967168742,-0.0012982432125077104,0.5628626346588135,success,
california_housing,"MUL(AveRooms,Longitude)",MUL,"['AveRooms', 'Longitude']",0.7441863251652562,-0.004615214764125741,0.5792074203491211,success,
california_housing,"DIV(AveRooms,Longitude)",DIV,"['AveRooms', 'Longitude']",0.7431457631493168,-0.005655776780065125,0.5685875415802002,success,
california_housing,"ADD(AveBedrms,Population)",ADD,"['AveBedrms', 'Population']",0.7438419612429574,-0.004959578686424493,0.570061206817627,success,
california_housing,"SUB(AveBedrms,Population)",SUB,"['AveBedrms', 'Population']",0.7466375201703206,-0.002164019759061331,0.5759391784667969,success,
california_housing,"MUL(AveBedrms,Population)",MUL,"['AveBedrms', 'Population']",0.7458197503074154,-0.0029817896219664908,0.5797746181488037,success,
california_housing,"DIV(AveBedrms,Population)",DIV,"['AveBedrms', 'Population']",0.7454913062880586,-0.0033102336413233235,0.5728516578674316,success,
california_housing,"ADD(AveBedrms,AveOccup)",ADD,"['AveBedrms', 'AveOccup']",0.7461536141620526,-0.0026479257673293066,0.5662741661071777,success,
california_housing,"SUB(AveBedrms,AveOccup)",SUB,"['AveBedrms', 'AveOccup']",0.7418096082489444,-0.006991931680437546,0.569756031036377,success,
california_housing,"MUL(AveBedrms,AveOccup)",MUL,"['AveBedrms', 'AveOccup']",0.7472162889132092,-0.001585251016172684,0.5691325664520264,success,
california_housing,"DIV(AveBedrms,AveOccup)",DIV,"['AveBedrms', 'AveOccup']",0.7462206223538335,-0.002580917575548458,0.5732505321502686,success,
california_housing,"ADD(AveBedrms,Latitude)",ADD,"['AveBedrms', 'Latitude']",0.7479136212090122,-0.0008879187203697514,0.5762536525726318,success,
california_housing,"SUB(AveBedrms,Latitude)",SUB,"['AveBedrms', 'Latitude']",0.7466882602858729,-0.0021132796435090473,0.5809686183929443,success,
california_housing,"MUL(AveBedrms,Latitude)",MUL,"['AveBedrms', 'Latitude']",0.7439164703582726,-0.004885069571109346,0.5693938732147217,success,
california_housing,"DIV(AveBedrms,Latitude)",DIV,"['AveBedrms', 'Latitude']",0.7449963704355012,-0.0038051694938807668,0.577411413192749,success,
california_housing,"ADD(AveBedrms,Longitude)",ADD,"['AveBedrms', 'Longitude']",0.7433860147131577,-0.005415525216224237,0.5734608173370361,success,
california_housing,"SUB(AveBedrms,Longitude)",SUB,"['AveBedrms', 'Longitude']",0.7507274830172783,0.001925943087896398,0.5659208297729492,success,
california_housing,"MUL(AveBedrms,Longitude)",MUL,"['AveBedrms', 'Longitude']",0.7460169557474117,-0.002784584181970251,0.5744709968566895,success,
california_housing,"DIV(AveBedrms,Longitude)",DIV,"['AveBedrms', 'Longitude']",0.7453771625705645,-0.0034243773588173987,0.5688841342926025,success,
california_housing,"ADD(Population,AveOccup)",ADD,"['Population', 'AveOccup']",0.7486696377645197,-0.00013190216486225204,0.5760152339935303,success,
california_housing,"SUB(Population,AveOccup)",SUB,"['Population', 'AveOccup']",0.7489652533061466,0.00016371337676468478,0.5669040679931641,success,
california_housing,"MUL(Population,AveOccup)",MUL,"['Population', 'AveOccup']",0.7448008713568701,-0.004000668572511801,0.570303201675415,success,
california_housing,"DIV(Population,AveOccup)",DIV,"['Population', 'AveOccup']",0.7457600846768395,-0.003041455252542402,0.5656077861785889,success,
california_housing,"ADD(Population,Latitude)",ADD,"['Population', 'Latitude']",0.7479537584045827,-0.0008477815247992515,0.5732014179229736,success,
california_housing,"SUB(Population,Latitude)",SUB,"['Population', 'Latitude']",0.7488106826065009,9.142677118934017e-06,0.5649368762969971,success,
california_housing,"MUL(Population,Latitude)",MUL,"['Population', 'Latitude']",0.7481378761781338,-0.0006636637512481558,0.5741639137268066,success,
california_housing,"DIV(Population,Latitude)",DIV,"['Population', 'Latitude']",0.7500884397941485,0.0012868998647665997,0.5659604072570801,success,
california_housing,"ADD(Population,Longitude)",ADD,"['Population', 'Longitude']",0.7423919601267872,-0.0064095798025947115,0.5710480213165283,success,
california_housing,"SUB(Population,Longitude)",SUB,"['Population', 'Longitude']",0.7476627215307015,-0.0011388183986804634,0.571997880935669,success,
california_housing,"MUL(Population,Longitude)",MUL,"['Population', 'Longitude']",0.7463517207395907,-0.002449819189791258,0.566509485244751,success,
california_housing,"DIV(Population,Longitude)",DIV,"['Population', 'Longitude']",0.7466105251931323,-0.002191014736249608,0.5701589584350586,success,
california_housing,"ADD(AveOccup,Latitude)",ADD,"['AveOccup', 'Latitude']",0.7471907831374022,-0.0016107567919797505,0.5680680274963379,success,
california_housing,"SUB(AveOccup,Latitude)",SUB,"['AveOccup', 'Latitude']",0.7479068240132214,-0.0008947159161605267,0.5682809352874756,success,
california_housing,"MUL(AveOccup,Latitude)",MUL,"['AveOccup', 'Latitude']",0.7466971506220716,-0.0021043893073102726,0.5691533088684082,success,
california_housing,"DIV(AveOccup,Latitude)",DIV,"['AveOccup', 'Latitude']",0.7446358981062038,-0.0041656418231781345,0.5828454494476318,success,
california_housing,"ADD(AveOccup,Longitude)",ADD,"['AveOccup', 'Longitude']",0.7488653602757629,6.382034638097167e-05,0.5797293186187744,success,
california_housing,"SUB(AveOccup,Longitude)",SUB,"['AveOccup', 'Longitude']",0.7452317312162182,-0.0035698087131637024,0.5741996765136719,success,
california_housing,"MUL(AveOccup,Longitude)",MUL,"['AveOccup', 'Longitude']",0.7494626744334478,0.0006611345040659078,0.5816366672515869,success,
california_housing,"DIV(AveOccup,Longitude)",DIV,"['AveOccup', 'Longitude']",0.7523649166409462,0.003563376711564259,0.577714204788208,success,
california_housing,"ADD(Latitude,Longitude)",ADD,"['Latitude', 'Longitude']",0.7861679273484427,0.03736638741906073,0.5558779239654541,success,
california_housing,"SUB(Latitude,Longitude)",SUB,"['Latitude', 'Longitude']",0.7500590129559155,0.001257473026533562,0.5710592269897461,success,
california_housing,"MUL(Latitude,Longitude)",MUL,"['Latitude', 'Longitude']",0.757073875985312,0.00827233605593003,0.5686745643615723,success,
california_housing,"DIV(Latitude,Longitude)",DIV,"['Latitude', 'Longitude']",0.7612587975857299,0.012457257656347975,0.5740015506744385,success,
