target,model,group,importance
breast_cancer,A_TransformOnly,transformation,1.0
breast_cancer,B_Phase7,transformation,0.0014759677442288857
breast_cancer,B_Phase7,feature_slot_1,0.0073492508099085845
breast_cancer,B_Phase7,feature_slot_2,0.006245114930834408
breast_cancer,B_Phase7,dataset_context,0.002327414921882323
breast_cancer,B_Phase7,exact_history,0.982602251593146
breast_cancer,C_Phase7_1_Full,transformation,0.0006982213629669484
breast_cancer,C_Phase7_1_Full,feature_slot_1,0.0072250894381855986
breast_cancer,C_Phase7_1_Full,feature_slot_2,0.004917120408756997
breast_cancer,C_Phase7_1_Full,dataset_context,0.0007665790513310899
breast_cancer,C_Phase7_1_Full,exact_history,0.9834933571526782
breast_cancer,C_Phase7_1_Full,sim_history,0.0028996325860812925
breast_cancer,D_SimOnly,transformation,0.326208024642065
breast_cancer,D_SimOnly,feature_slot_1,0.057473383397810676
breast_cancer,D_SimOnly,feature_slot_2,0.2638002121212319
breast_cancer,D_SimOnly,dataset_context,0.004154995247594338
breast_cancer,D_SimOnly,sim_history,0.34836338459129823
wine,A_TransformOnly,transformation,1.0
wine,B_Phase7,transformation,0.0016284798448289522
wine,B_Phase7,feature_slot_1,0.0076042030295890494
wine,B_Phase7,feature_slot_2,0.0062591390990228615
wine,B_Phase7,dataset_context,0.0016741328254197092
wine,B_Phase7,exact_history,0.9828340452011394
wine,C_Phase7_1_Full,transformation,0.0007401730649424938
wine,C_Phase7_1_Full,feature_slot_1,0.0069279061290331385
wine,C_Phase7_1_Full,feature_slot_2,0.0061015715974482194
wine,C_Phase7_1_Full,dataset_context,0.0005578019466661227
wine,C_Phase7_1_Full,exact_history,0.9827993843919095
wine,C_Phase7_1_Full,sim_history,0.0028731628700004517
wine,D_SimOnly,transformation,0.3286254138938754
wine,D_SimOnly,feature_slot_1,0.05326232340288712
wine,D_SimOnly,feature_slot_2,0.2507026465818058
wine,D_SimOnly,dataset_context,0.00846423380721087
wine,D_SimOnly,sim_history,0.358945382314221
diabetes,A_TransformOnly,transformation,1.0
diabetes,B_Phase7,transformation,0.0018846382648700709
diabetes,B_Phase7,feature_slot_1,0.0065516810383703826
diabetes,B_Phase7,feature_slot_2,0.0050706727270297776
diabetes,B_Phase7,dataset_context,0.002746008188595816
diabetes,B_Phase7,exact_history,0.9837469997811339
diabetes,C_Phase7_1_Full,transformation,0.0007478931280826713
diabetes,C_Phase7_1_Full,feature_slot_1,0.006228380714660054
diabetes,C_Phase7_1_Full,feature_slot_2,0.0049605602292437136
diabetes,C_Phase7_1_Full,dataset_context,0.002230970596576642
diabetes,C_Phase7_1_Full,exact_history,0.9832462623278189
diabetes,C_Phase7_1_Full,sim_history,0.002585933003617992
diabetes,D_SimOnly,transformation,0.3286438882813648
diabetes,D_SimOnly,feature_slot_1,0.04127859241238145
diabetes,D_SimOnly,feature_slot_2,0.24538877706807344
diabetes,D_SimOnly,dataset_context,0.01637763842296952
diabetes,D_SimOnly,sim_history,0.36831110381521087
california_housing,A_TransformOnly,transformation,1.0
california_housing,B_Phase7,transformation,0.0019191882521285134
california_housing,B_Phase7,feature_slot_1,0.009053212769917662
california_housing,B_Phase7,feature_slot_2,0.006820630604513089
california_housing,B_Phase7,dataset_context,0.0014846916639208254
california_housing,B_Phase7,exact_history,0.9807222767095201
california_housing,C_Phase7_1_Full,transformation,0.0008658543187346921
california_housing,C_Phase7_1_Full,feature_slot_1,0.00775498065419639
california_housing,C_Phase7_1_Full,feature_slot_2,0.006253918289238671
california_housing,C_Phase7_1_Full,dataset_context,0.0006864269823756573
california_housing,C_Phase7_1_Full,exact_history,0.9817912239792544
california_housing,C_Phase7_1_Full,sim_history,0.002647595776200188
california_housing,D_SimOnly,transformation,0.29209255595908057
california_housing,D_SimOnly,feature_slot_1,0.05551555143787389
california_housing,D_SimOnly,feature_slot_2,0.2698090464753562
california_housing,D_SimOnly,dataset_context,0.013919344848522917
california_housing,D_SimOnly,sim_history,0.36866350127916653
iris,A_TransformOnly,transformation,1.0
iris,B_Phase7,transformation,0.001335213043760819
iris,B_Phase7,feature_slot_1,0.007454311887362149
iris,B_Phase7,feature_slot_2,0.006105960008057463
iris,B_Phase7,dataset_context,0.0011805538293768307
iris,B_Phase7,exact_history,0.9839239612314429
iris,C_Phase7_1_Full,transformation,0.0004834296359340188
iris,C_Phase7_1_Full,feature_slot_1,0.007188408806124015
iris,C_Phase7_1_Full,feature_slot_2,0.005717210020968653
iris,C_Phase7_1_Full,dataset_context,0.00028382914605626803
iris,C_Phase7_1_Full,exact_history,0.9843187091080295
iris,C_Phase7_1_Full,sim_history,0.002008413282887379
iris,D_SimOnly,transformation,0.296034257757376
iris,D_SimOnly,feature_slot_1,0.062195853537316874
iris,D_SimOnly,feature_slot_2,0.2621139302761694
iris,D_SimOnly,dataset_context,0.009752820009528628
iris,D_SimOnly,sim_history,0.36990313841960915
titanic,A_TransformOnly,transformation,1.0
titanic,B_Phase7,transformation,0.013105724519439366
titanic,B_Phase7,feature_slot_1,0.046042213237780766
titanic,B_Phase7,feature_slot_2,0.02986964677588361
titanic,B_Phase7,dataset_context,0.009408533545401679
titanic,B_Phase7,exact_history,0.9015738819214945
titanic,C_Phase7_1_Full,transformation,0.0035711967214331914
titanic,C_Phase7_1_Full,feature_slot_1,0.04302905505071979
titanic,C_Phase7_1_Full,feature_slot_2,0.026047397334994202
titanic,C_Phase7_1_Full,dataset_context,0.005401544564701962
titanic,C_Phase7_1_Full,exact_history,0.9003539695514854
titanic,C_Phase7_1_Full,sim_history,0.02159683677666538
titanic,D_SimOnly,transformation,0.07545841100758802
titanic,D_SimOnly,feature_slot_1,0.3222244972379034
titanic,D_SimOnly,feature_slot_2,0.20226112867255736
titanic,D_SimOnly,dataset_context,0.01476361585146119
titanic,D_SimOnly,sim_history,0.3852923472304902
credit_g,A_TransformOnly,transformation,1.0
credit_g,B_Phase7,transformation,0.0020148802927439555
credit_g,B_Phase7,feature_slot_1,0.009375818169240773
credit_g,B_Phase7,feature_slot_2,0.006727233983565031
credit_g,B_Phase7,dataset_context,0.0014038193571307934
credit_g,B_Phase7,exact_history,0.9804782481973195
credit_g,C_Phase7_1_Full,transformation,0.0010198642449225045
credit_g,C_Phase7_1_Full,feature_slot_1,0.009386766794549431
credit_g,C_Phase7_1_Full,feature_slot_2,0.006068047657414989
credit_g,C_Phase7_1_Full,dataset_context,0.0009923322811036521
credit_g,C_Phase7_1_Full,exact_history,0.9804652097181221
credit_g,C_Phase7_1_Full,sim_history,0.002067779303887257
credit_g,D_SimOnly,transformation,0.2930358439337403
credit_g,D_SimOnly,feature_slot_1,0.07982722494609941
credit_g,D_SimOnly,feature_slot_2,0.26264545038757453
credit_g,D_SimOnly,dataset_context,0.0058543634309830075
credit_g,D_SimOnly,sim_history,0.35863711730160264
blood_transfusion,A_TransformOnly,transformation,1.0
blood_transfusion,B_Phase7,transformation,0.0019659261815356275
blood_transfusion,B_Phase7,feature_slot_1,0.009533543998139011
blood_transfusion,B_Phase7,feature_slot_2,0.006800553125378643
blood_transfusion,B_Phase7,dataset_context,0.0019523075902508709
blood_transfusion,B_Phase7,exact_history,0.9797476691046957
blood_transfusion,C_Phase7_1_Full,transformation,0.0010397511012493837
blood_transfusion,C_Phase7_1_Full,feature_slot_1,0.009147715639521744
blood_transfusion,C_Phase7_1_Full,feature_slot_2,0.006026517308670354
blood_transfusion,C_Phase7_1_Full,dataset_context,0.001006562643785224
blood_transfusion,C_Phase7_1_Full,exact_history,0.9799176933182732
blood_transfusion,C_Phase7_1_Full,sim_history,0.00286175998850016
blood_transfusion,D_SimOnly,transformation,0.30723957114825007
blood_transfusion,D_SimOnly,feature_slot_1,0.07382326397725403
blood_transfusion,D_SimOnly,feature_slot_2,0.26244928939824763
blood_transfusion,D_SimOnly,dataset_context,0.008064204758455918
blood_transfusion,D_SimOnly,sim_history,0.3484236707177925
vehicle,A_TransformOnly,transformation,1.0
vehicle,B_Phase7,transformation,0.0020599636555012693
vehicle,B_Phase7,feature_slot_1,0.007938518336530526
vehicle,B_Phase7,feature_slot_2,0.005710879357940033
vehicle,B_Phase7,dataset_context,0.0017462790795317034
vehicle,B_Phase7,exact_history,0.9825443595704965
vehicle,C_Phase7_1_Full,transformation,0.0011984314059341507
vehicle,C_Phase7_1_Full,feature_slot_1,0.007725828116625016
vehicle,C_Phase7_1_Full,feature_slot_2,0.005129286559820116
vehicle,C_Phase7_1_Full,dataset_context,0.000882379421534868
vehicle,C_Phase7_1_Full,exact_history,0.9831281856654401
vehicle,C_Phase7_1_Full,sim_history,0.0019358888306456347
vehicle,D_SimOnly,transformation,0.29366590582342333
vehicle,D_SimOnly,feature_slot_1,0.06816254401795667
vehicle,D_SimOnly,feature_slot_2,0.2607126323640332
vehicle,D_SimOnly,dataset_context,0.009511942629974363
vehicle,D_SimOnly,sim_history,0.36794697516461233
spambase,A_TransformOnly,transformation,1.0
spambase,B_Phase7,transformation,0.0020757674328149085
spambase,B_Phase7,feature_slot_1,0.00937870248960742
spambase,B_Phase7,feature_slot_2,0.006602244194160385
spambase,B_Phase7,dataset_context,0.0018385109994146361
spambase,B_Phase7,exact_history,0.9801047748840026
spambase,C_Phase7_1_Full,transformation,0.0012254523966326702
spambase,C_Phase7_1_Full,feature_slot_1,0.008644259110328652
spambase,C_Phase7_1_Full,feature_slot_2,0.005386368825257708
spambase,C_Phase7_1_Full,dataset_context,0.0011478823755334065
spambase,C_Phase7_1_Full,exact_history,0.9801253236599637
spambase,C_Phase7_1_Full,sim_history,0.003470713632283649
spambase,D_SimOnly,transformation,0.2890619321721097
spambase,D_SimOnly,feature_slot_1,0.06484470667594326
spambase,D_SimOnly,feature_slot_2,0.25567268598766285
spambase,D_SimOnly,dataset_context,0.006978552628917723
spambase,D_SimOnly,sim_history,0.3834421225353665
