target,model,actual_std,pred_std,std_ratio
breast_cancer,A_TransformOnly,0.005970980901560467,0.0021287595984283425,0.3565175694190365
breast_cancer,B_Phase7,0.005970980901560467,0.002864086573239315,0.47966768274390925
breast_cancer,C_Phase7_1_Full,0.005970980901560467,0.004084298591123007,0.6840247285620332
breast_cancer,D_SimOnly,0.005970980901560467,0.0018589118548901981,0.31132436784265416
breast_cancer,Random,0.005970980901560467,,
breast_cancer,GlobalMean,0.005970980901560467,0.0,0.0
wine,A_TransformOnly,0.012254024596926807,0.0016855582523089053,0.13755140107961558
wine,B_Phase7,0.012254024596926807,0.0018303280639395166,0.14936546351059063
wine,C_Phase7_1_Full,0.012254024596926807,0.00364204941948644,0.2972125109086707
wine,D_SimOnly,0.012254024596926807,0.006151943827304899,0.5020345583724153
wine,Random,0.012254024596926807,,
wine,GlobalMean,0.012254024596926807,0.0,0.0
diabetes,A_TransformOnly,0.021286381134662583,0.0018054893071823236,0.08481898805041405
diabetes,B_Phase7,0.021286381134662583,0.0016088142795117849,0.07557951110893267
diabetes,C_Phase7_1_Full,0.021286381134662583,0.002422774755958735,0.11381806707856457
diabetes,D_SimOnly,0.021286381134662583,0.003733373852235558,0.17538790781025584
diabetes,Random,0.021286381134662583,,
diabetes,GlobalMean,0.021286381134662583,0.0,0.0
california_housing,A_TransformOnly,0.0047010025887869265,0.001755930962769389,0.3735226537811749
california_housing,B_Phase7,0.0047010025887869265,0.0031334819711425006,0.6665561040000461
california_housing,C_Phase7_1_Full,0.0047010025887869265,0.0027333360387993048,0.5814368289729432
california_housing,D_SimOnly,0.0047010025887869265,0.0072759736283940606,1.5477493341955049
california_housing,Random,0.0047010025887869265,,
california_housing,GlobalMean,0.0047010025887869265,0.0,0.0
iris,A_TransformOnly,0.028840215568307806,0.0015312910650490173,0.053095687213886175
iris,B_Phase7,0.028840215568307806,0.0007419280854942019,0.025725469482404735
iris,C_Phase7_1_Full,0.028840215568307806,0.0007124257404194759,0.02470251093329726
iris,D_SimOnly,0.028840215568307806,0.0017315105960569294,0.06003806011421181
iris,Random,0.028840215568307806,,
iris,GlobalMean,0.028840215568307806,0.0,0.0
titanic,A_TransformOnly,0.015290973113725067,0.0006981541323795173,0.0456579268789114
titanic,B_Phase7,0.015290973113725067,0.000503242281218895,0.03291106965156307
titanic,C_Phase7_1_Full,0.015290973113725067,0.00024118174995189738,0.01577281891364007
titanic,D_SimOnly,0.015290973113725067,0.0032754972900541253,0.2142111731855608
titanic,Random,0.015290973113725067,,
titanic,GlobalMean,0.015290973113725067,0.0,0.0
credit_g,A_TransformOnly,0.005044802964266019,0.0024795853653450705,0.49151282664898266
credit_g,B_Phase7,0.005044802964266019,0.0007262561076566607,0.14396124341366903
credit_g,C_Phase7_1_Full,0.005044802964266019,0.001223321071962883,0.24249134810330014
credit_g,D_SimOnly,0.005044802964266019,0.0013995169995337665,0.2774175739210398
credit_g,Random,0.005044802964266019,,
credit_g,GlobalMean,0.005044802964266019,0.0,0.0
blood_transfusion,A_TransformOnly,0.013823450753817097,0.0015408309270515926,0.11146499918008207
blood_transfusion,B_Phase7,0.013823450753817097,0.0014181015910020868,0.1025866562665561
blood_transfusion,C_Phase7_1_Full,0.013823450753817097,0.0015536143070594855,0.11238975959154722
blood_transfusion,D_SimOnly,0.013823450753817097,0.0017326794972287033,0.12534348535403952
blood_transfusion,Random,0.013823450753817097,,
blood_transfusion,GlobalMean,0.013823450753817097,0.0,0.0
vehicle,A_TransformOnly,0.008294087638000783,0.0019566142874649427,0.23590470376325354
vehicle,B_Phase7,0.008294087638000783,0.0007656574151992306,0.09231363936871445
vehicle,C_Phase7_1_Full,0.008294087638000783,0.0008685776299760622,0.10472250448521939
vehicle,D_SimOnly,0.008294087638000783,0.0031973743658815267,0.38550043175896864
vehicle,Random,0.008294087638000783,,
vehicle,GlobalMean,0.008294087638000783,0.0,0.0
spambase,A_TransformOnly,0.0015165133946645956,0.002015563411266034,1.329077222151892
spambase,B_Phase7,0.0015165133946645956,0.002631222125470201,1.7350470711253403
spambase,C_Phase7_1_Full,0.0015165133946645956,0.0018525631734922147,1.2215936758543098
spambase,D_SimOnly,0.0015165133946645956,0.0006984488103425011,0.4605622425355586
spambase,Random,0.0015165133946645956,,
spambase,GlobalMean,0.0015165133946645956,0.0,0.0
