target,group,importance
diabetes,transformation,0.016678644925759607
diabetes,feature_slot_1,0.08206451569374539
diabetes,feature_slot_2,0.03475011131278481
diabetes,dataset_context,0.054390238238536635
diabetes,history,0.8121164898291735
wine,transformation,0.00717596040254575
wine,feature_slot_1,0.04328808265493432
wine,feature_slot_2,0.03126111302011993
wine,dataset_context,0.0006090178640823647
wine,history,0.9176658260583177
breast_cancer,transformation,0.007495888178508862
breast_cancer,feature_slot_1,0.03777850394520064
breast_cancer,feature_slot_2,0.017621741487499638
breast_cancer,dataset_context,0.00016556117195159258
breast_cancer,history,0.9369383052168393
