target,model,spearman,pearson,rmse,mae,precision_at_10,precision_at_25,precision_at_50,ndcg_at_10,ndcg_at_25,ndcg_at_50
diabetes,CAFET,0.046553359378616786,0.11000965268159724,0.029982482223523364,0.02384817313429581,0.0,0.28,0.22,0.480818607160705,0.6156817534511779,0.6406979906393828
diabetes,TransformOnly,0.13356353568296567,0.15341203505288414,0.02786051833156058,0.02167354224633875,0.1,0.2,0.38,0.5285853393094926,0.6007232000524498,0.6703135130243745
diabetes,GlobalMean,,,0.027963891865169278,0.02158680998031443,0.0,0.12,0.32,0.4971730470333221,0.5650239641224966,0.6297695110446717
diabetes,Random,-0.03180605249182071,-0.03499739162304753,0.03850781266087588,0.030816848242841265,0.08,0.096,0.24,0.5163814334076949,0.5670591611942267,0.6329765289329957
wine,CAFET,0.15518708200593342,0.16288113926133557,0.012440316342001672,0.0077959164357340625,0.0,0.12,0.14,1.0,1.0,0.9999999999999999
wine,TransformOnly,0.11232837158426799,0.06346393473926554,0.012545017880230346,0.004271465515851232,0.0,0.0,0.14,0.9871794871794882,0.9871794871794882,0.9871794871794884
wine,GlobalMean,,,0.012519538541161331,0.003100494560663586,0.8,0.36,0.5,0.9615384615384572,0.9615384615384572,0.9615384615384573
wine,Random,-0.01829554508120722,-0.003242306442889413,0.03153009617017373,0.026384622771228723,0.0,0.08,0.132,0.942730802049506,0.938735826103879,0.9498574425114183
breast_cancer,CAFET,0.12161558737166535,0.14170447539470998,0.006578483728403068,0.004919711891748285,0.0,0.0,0.0,0.7281894228845102,0.7157506158575838,0.7224563380727692
breast_cancer,TransformOnly,0.1349373843207335,0.1827241370928096,0.009888596033420858,0.007840211649704013,0.0,0.04,0.12,0.8736842105263167,0.8736842105263167,0.8736842105263168
breast_cancer,GlobalMean,,,0.00971163080498773,0.0076591879442658144,0.0,0.28,0.5,0.8289772727272673,0.8289772727272672,0.8289772727272673
breast_cancer,Random,0.03255275959825632,0.03391304988683555,0.029475094575725985,0.025326412495286298,0.02,0.032,0.032,0.8273446242547979,0.8436742652715798,0.8497703842136982
