dataset_id,baseline_val_score,baseline_test_score,best_cand_val_score,best_cand_test_score
breast_cancer,0.9883720930232558,0.9767441860465116,0.9883720930232558,0.9767441860465116
wine,1.0,1.0,1.0,1.0
diabetes,0.31256200782056964,0.39799113409297804,0.4437593847448247,0.4335671254204605
california_housing,0.7488015399293819,0.7363562991696401,0.7861679273484427,0.7783227418581016
iris,0.9565217391304348,1.0,1.0,1.0
titanic,0.9390862944162437,0.9593908629441624,0.949238578680203,0.9593908629441624
credit_g,0.7333333333333333,0.8066666666666666,0.76,0.8
blood_transfusion,0.7699115044247787,0.7610619469026548,0.8141592920353983,0.7522123893805309
vehicle,0.8267716535433071,0.7795275590551181,0.8661417322834646,0.7952755905511811
spambase,0.9449275362318841,0.9160636758321273,0.9565217391304348,0.9261939218523878
