target_dataset,historical_dataset_count,candidate_count,experience_count,mean_similarity_to_history,max_similarity_to_history,min_similarity_to_history
breast_cancer,9,880,12556,0.26887503584227823,0.47448440554369237,0.09885525008511953
wine,9,364,13072,0.33103168942456634,0.7330189084485979,0.1039478793759269
diabetes,9,220,13216,0.3387173656609112,0.7330189084485979,0.10336110408556502
california_housing,9,144,13292,0.18254567635687027,0.21882313198555822,0.09742434339774297
iris,9,40,13396,0.2746116698693432,0.5502898681490788,0.09879062079622596
titanic,9,9072,4364,0.10022730110174355,0.10748495857231863,0.09193084879973049
credit_g,9,1004,12432,0.1724643742852098,0.2118765279625146,0.10748495857231863
blood_transfusion,9,40,13396,0.30467002798920045,0.5502898681490788,0.0998653819965465
vehicle,9,684,12752,0.3210259457956704,0.47448440554369237,0.10038532280651598
spambase,9,988,12448,0.16506062211837497,0.23417865303721583,0.09193084879973049
