target_dataset,blood_transfusion,breast_cancer,california_housing,credit_g,diabetes,iris,spambase,titanic,vehicle,wine
blood_transfusion,1.0,0.2914878783125733,0.2027357950427145,0.17734512277740452,0.44746930512565275,0.5502898681490788,0.15399494497660277,0.0998653819965465,0.4279511539943317,0.390890801527899
breast_cancer,0.2914878783125733,1.0,0.1904584351360547,0.17849964020448325,0.3327406330070133,0.2711169530442536,0.23417865303721583,0.09885525008511953,0.47448440554369237,0.34805347421009813
california_housing,0.2027357950427145,0.1904584351360547,1.0,0.16730449019966515,0.21882313198555822,0.18397883876832483,0.15918178161600127,0.09742434339774297,0.206660552919172,0.21634371814659883
credit_g,0.17734512277740452,0.17849964020448325,0.16730449019966515,1.0,0.20573950354658743,0.16837304596737182,0.15017533275984596,0.10748495857231863,0.18538074657669718,0.2118765279625146
diabetes,0.44746930512565275,0.3327406330070133,0.21882313198555822,0.20573950354658743,1.0,0.35853529332377976,0.1754407555100329,0.10336110408556502,0.4733276559154134,0.7330189084485979
iris,0.5502898681490788,0.2711169530442536,0.18397883876832483,0.16837304596737182,0.35853529332377976,1.0,0.145032441046308,0.09879062079622596,0.36613944813008514,0.3292485195986611
spambase,0.15399494497660277,0.23417865303721583,0.15918178161600127,0.15017533275984596,0.1754407555100329,0.145032441046308,1.0,0.09193084879973049,0.19230484602198122,0.18330599529765634
titanic,0.0998653819965465,0.09885525008511953,0.09742434339774297,0.10748495857231863,0.10336110408556502,0.09879062079622596,0.09193084879973049,1.0,0.10038532280651598,0.1039478793759269
vehicle,0.4279511539943317,0.47448440554369237,0.206660552919172,0.18538074657669718,0.4733276559154134,0.36613944813008514,0.19230484602198122,0.10038532280651598,1.0,0.4625993802531443
wine,0.390890801527899,0.34805347421009813,0.21634371814659883,0.2118765279625146,0.7330189084485979,0.3292485195986611,0.18330599529765634,0.1039478793759269,0.4625993802531443,1.0
