dataset,strategy,seed,budget_pct,budget_abs,best_cand_id,transformation,search_utility_cv,cv_std,cv_se,indep_utility,test_utility
breast_cancer,Random,42,0.05,44,"ADD(mean concave points,concavity error)",ADD,0.0028169014084507226,0.005633802816901445,0.0025195132140842865,0.0,0.0
breast_cancer,Random,42,0.1,88,"ADD(mean concave points,concavity error)",ADD,0.0028169014084507226,0.005633802816901445,0.0025195132140842865,0.0,0.0
breast_cancer,Random,42,0.2,176,"ADD(mean concave points,concavity error)",ADD,0.0028169014084507226,0.005633802816901445,0.0025195132140842865,0.0,0.0
breast_cancer,Adaptive,42,0.05,44,SQUARE(texture error),SQUARE,0.0056338028169014235,0.0068999711064315055,0.0030857608873530564,0.0,0.0
breast_cancer,Adaptive,42,0.1,88,SQUARE(texture error),SQUARE,0.0056338028169014235,0.0068999711064315055,0.0030857608873530564,0.0,0.0
breast_cancer,Adaptive,42,0.2,176,SQUARE(texture error),SQUARE,0.0056338028169014235,0.0068999711064315055,0.0030857608873530564,0.0,0.0
breast_cancer,Random,7,0.05,44,"MUL(mean perimeter,symmetry error)",MUL,0.0056338028169014235,0.014363435249557157,0.006423523521685292,0.0,0.0
breast_cancer,Random,7,0.1,88,SQRT(concave points error),SQRT,0.008450704225352124,0.011267605633802842,0.005039026428168551,0.0,0.0
breast_cancer,Random,7,0.2,176,SQRT(concave points error),SQRT,0.008450704225352124,0.011267605633802842,0.005039026428168551,0.0,0.0
breast_cancer,Adaptive,7,0.05,44,"MUL(texture error,concave points error)",MUL,0.008450704225352124,0.016901408450704248,0.00755853964225282,-0.009345794392523366,-0.009345794392523366
breast_cancer,Adaptive,7,0.1,88,"MUL(mean concave points,symmetry error)",MUL,0.011267605633802824,0.01053987996274352,0.0047135776142764926,-0.009345794392523366,0.0
breast_cancer,Adaptive,7,0.2,176,"MUL(mean concave points,symmetry error)",MUL,0.011267605633802824,0.01053987996274352,0.0047135776142764926,-0.009345794392523366,0.0
breast_cancer,Random,13,0.05,44,"ADD(mean compactness,area error)",ADD,0.0028169014084507226,0.005633802816901445,0.0025195132140842865,0.0,0.009345794392523366
breast_cancer,Random,13,0.1,88,"MUL(mean perimeter,smoothness error)",MUL,0.0056338028169014235,0.011267605633802847,0.005039026428168553,0.0,0.01869158878504673
breast_cancer,Random,13,0.2,176,"MUL(mean perimeter,smoothness error)",MUL,0.0056338028169014235,0.011267605633802847,0.005039026428168553,0.0,0.01869158878504673
breast_cancer,Adaptive,13,0.05,44,"MUL(mean perimeter,concavity error)",MUL,0.0056338028169014235,0.011267605633802847,0.005039026428168553,0.0,0.009345794392523366
breast_cancer,Adaptive,13,0.1,88,"MUL(mean perimeter,concavity error)",MUL,0.0056338028169014235,0.011267605633802847,0.005039026428168553,0.0,0.009345794392523366
breast_cancer,Adaptive,13,0.2,176,"MUL(mean perimeter,concavity error)",MUL,0.0056338028169014235,0.011267605633802847,0.005039026428168553,0.0,0.009345794392523366
breast_cancer,Random,99,0.05,44,"DIV(smoothness error,concavity error)",DIV,0.005633802816901401,0.011267605633802802,0.005039026428168533,0.0,0.0
breast_cancer,Random,99,0.1,88,"DIV(smoothness error,concavity error)",DIV,0.005633802816901401,0.011267605633802802,0.005039026428168533,0.0,0.0
breast_cancer,Random,99,0.2,176,"DIV(smoothness error,concavity error)",DIV,0.005633802816901401,0.011267605633802802,0.005039026428168533,0.0,0.0
breast_cancer,Adaptive,99,0.05,44,"ADD(area error,concave points error)",ADD,0.0028169014084507005,0.005633802816901401,0.0025195132140842665,0.0,0.0
breast_cancer,Adaptive,99,0.1,88,"MUL(mean radius,concavity error)",MUL,0.005633802816901401,0.006899971106431478,0.003085760887353044,0.0,0.0
breast_cancer,Adaptive,99,0.2,176,"MUL(mean fractal dimension,compactness error)",MUL,0.008450704225352101,0.011267605633802802,0.005039026428168533,0.0,0.0
breast_cancer,Random,123,0.05,44,"ADD(mean area,concave points error)",ADD,0.0028169014084507005,0.005633802816901401,0.0025195132140842665,-0.009345794392523366,0.0
breast_cancer,Random,123,0.1,88,"MUL(mean smoothness,symmetry error)",MUL,0.005633802816901401,0.006899971106431478,0.003085760887353044,-0.009345794392523366,0.0
breast_cancer,Random,123,0.2,176,"MUL(mean smoothness,symmetry error)",MUL,0.005633802816901401,0.006899971106431478,0.003085760887353044,-0.009345794392523366,0.0
breast_cancer,Adaptive,123,0.05,44,"DIV(mean perimeter,compactness error)",DIV,0.0028169014084507005,0.005633802816901401,0.0025195132140842665,-0.009345794392523366,0.0
breast_cancer,Adaptive,123,0.1,88,"DIV(mean perimeter,compactness error)",DIV,0.0028169014084507005,0.005633802816901401,0.0025195132140842665,-0.009345794392523366,0.0
breast_cancer,Adaptive,123,0.2,176,"MUL(texture error,fractal dimension error)",MUL,0.005633802816901401,0.011267605633802802,0.005039026428168533,-0.01869158878504673,0.0
wine,Random,42,0.05,18,"MUL(malic_acid,hue)",MUL,0.0,0.0,0.0,0.0,0.0
wine,Random,42,0.1,36,"SUB(alcohol,magnesium)",SUB,0.009090909090909084,0.018181818181818167,0.00813115628181741,0.0,0.0
wine,Random,42,0.2,72,"SUB(alcohol,magnesium)",SUB,0.009090909090909084,0.018181818181818167,0.00813115628181741,0.0,0.0
wine,Adaptive,42,0.05,18,"MUL(nonflavanoid_phenols,color_intensity)",MUL,0.0,0.0,0.0,0.0,0.0
wine,Adaptive,42,0.1,36,"ADD(flavanoids,hue)",ADD,0.009090909090909104,0.01818181818181821,0.00813115628181743,0.0,-0.02941176470588236
wine,Adaptive,42,0.2,72,"ADD(flavanoids,hue)",ADD,0.009090909090909104,0.01818181818181821,0.00813115628181743,0.0,-0.02941176470588236
wine,Random,7,0.05,18,ABS(alcohol),ABS,0.02727272727272727,0.022268088570756163,0.009958591954639382,0.0,0.0
wine,Random,7,0.1,36,ABS(alcohol),ABS,0.02727272727272727,0.022268088570756163,0.009958591954639382,0.0,0.0
wine,Random,7,0.2,72,ABS(alcohol),ABS,0.02727272727272727,0.022268088570756163,0.009958591954639382,0.0,0.0
wine,Adaptive,7,0.05,18,"MUL(alcohol,flavanoids)",MUL,0.02727272727272727,0.022268088570756163,0.009958591954639382,0.0,0.0
wine,Adaptive,7,0.1,36,"MUL(alcalinity_of_ash,nonflavanoid_phenols)",MUL,0.036363636363636355,0.018181818181818177,0.008131156281817415,0.0,0.0
wine,Adaptive,7,0.2,72,"MUL(alcalinity_of_ash,nonflavanoid_phenols)",MUL,0.036363636363636355,0.018181818181818177,0.008131156281817415,0.0,0.0
wine,Random,13,0.05,18,"SUB(alcohol,ash)",SUB,0.0,0.0,0.0,0.0,0.0
wine,Random,13,0.1,36,"SUB(alcohol,ash)",SUB,0.0,0.0,0.0,0.0,0.0
wine,Random,13,0.2,72,"SUB(alcohol,ash)",SUB,0.0,0.0,0.0,0.0,0.0
wine,Adaptive,13,0.05,18,"ADD(alcohol,od280/od315_of_diluted_wines)",ADD,0.0,0.0,0.0,0.0,0.0
wine,Adaptive,13,0.1,36,"ADD(alcohol,od280/od315_of_diluted_wines)",ADD,0.0,0.0,0.0,0.0,0.0
wine,Adaptive,13,0.2,72,"SUB(alcalinity_of_ash,od280/od315_of_diluted_wines)",SUB,0.009090909090909084,0.018181818181818167,0.00813115628181741,0.0,0.0
wine,Random,99,0.05,18,"DIV(ash,color_intensity)",DIV,0.02727272727272727,0.022268088570756163,0.009958591954639382,0.0,0.0
wine,Random,99,0.1,36,"DIV(ash,color_intensity)",DIV,0.02727272727272727,0.022268088570756163,0.009958591954639382,0.0,0.0
wine,Random,99,0.2,72,"DIV(ash,color_intensity)",DIV,0.02727272727272727,0.022268088570756163,0.009958591954639382,0.0,0.0
wine,Adaptive,99,0.05,18,"SUB(magnesium,flavanoids)",SUB,0.018181818181818188,0.022268088570756173,0.009958591954639388,-0.02941176470588236,0.0
wine,Adaptive,99,0.1,36,"SUB(magnesium,flavanoids)",SUB,0.018181818181818188,0.022268088570756173,0.009958591954639388,-0.02941176470588236,0.0
wine,Adaptive,99,0.2,72,"SUB(magnesium,flavanoids)",SUB,0.018181818181818188,0.022268088570756173,0.009958591954639388,-0.02941176470588236,0.0
wine,Random,123,0.05,18,"MUL(color_intensity,od280/od315_of_diluted_wines)",MUL,0.01818181818181821,0.022268088570756198,0.009958591954639398,0.0,0.0
wine,Random,123,0.1,36,"ADD(proanthocyanins,proline)",ADD,0.027272727272727292,0.02226808857075618,0.009958591954639391,0.0,0.0
wine,Random,123,0.2,72,"ADD(proanthocyanins,proline)",ADD,0.027272727272727292,0.02226808857075618,0.009958591954639391,0.0,0.0
wine,Adaptive,123,0.05,18,"ADD(alcohol,proline)",ADD,0.036363636363636376,0.03401506715249039,0.015212000482437744,0.0,0.0
wine,Adaptive,123,0.1,36,"ADD(alcohol,proline)",ADD,0.036363636363636376,0.03401506715249039,0.015212000482437744,0.0,0.0
wine,Adaptive,123,0.2,72,"ADD(alcohol,proline)",ADD,0.036363636363636376,0.03401506715249039,0.015212000482437744,0.0,0.0
diabetes,Random,42,0.05,11,"DIV(sex,s3)",DIV,0.01742518003373339,0.03752481585961268,0.01678160782105123,0.02997673488022201,-0.001141919367589006
diabetes,Random,42,0.1,22,"DIV(s1,s3)",DIV,0.01794918379397048,0.009473641936239337,0.004236741472784777,0.019702999963870593,-0.0027782396386224484
diabetes,Random,42,0.2,44,"DIV(sex,bmi)",DIV,0.023586499201101497,0.01293897287908438,0.005786484583331768,-0.0016849232439498651,-0.004428491925466016
diabetes,Adaptive,42,0.05,11,"ADD(age,sex)",ADD,0.016219045830523714,0.009794702898504011,0.004380324300093838,-0.001239678971926672,0.02596079503105575
diabetes,Adaptive,42,0.1,22,"ADD(age,sex)",ADD,0.016219045830523714,0.009794702898504011,0.004380324300093838,-0.001239678971926672,0.02596079503105575
diabetes,Adaptive,42,0.2,44,"MUL(s4,s6)",MUL,0.023476032581618102,0.010455516752442655,0.004675849239669923,0.003996981254816623,0.02141509836250699
diabetes,Random,7,0.05,11,"MUL(s1,s5)",MUL,0.02212364164878069,0.023151229801978937,0.01035354471998878,-0.015738096288600345,-0.03171888011202617
diabetes,Random,7,0.1,22,"ADD(bmi,s6)",ADD,0.025334421846882837,0.027347737827918255,0.012230280162813533,0.017429363597116998,-0.025213401835408877
diabetes,Random,7,0.2,44,"DIV(sex,s2)",DIV,0.03828506285141109,0.05229420089006759,0.023386677603844226,-0.03670017464685971,-0.02958786589302509
diabetes,Adaptive,7,0.05,11,"SUB(sex,bp)",SUB,0.01907378682146066,0.013298951678326822,0.005947471996444738,0.013273758568177363,0.017686559234673882
diabetes,Adaptive,7,0.1,22,"DIV(sex,s2)",DIV,0.03828506285141109,0.05229420089006759,0.023386677603844226,-0.03670017464685971,-0.02958786589302509
diabetes,Adaptive,7,0.2,44,"DIV(sex,s2)",DIV,0.03828506285141109,0.05229420089006759,0.023386677603844226,-0.03670017464685971,-0.02958786589302509
diabetes,Random,13,0.05,11,"ADD(age,s6)",ADD,0.01415836533032313,0.024671433637423655,0.011033400543130838,0.008326282385795025,0.0333670858041456
diabetes,Random,13,0.1,22,"ADD(bmi,bp)",ADD,0.022032837415359906,0.014563776115107847,0.00651311868049379,0.02038701417459654,0.02338151858844284
diabetes,Random,13,0.2,44,"ADD(bmi,bp)",ADD,0.022032837415359906,0.014563776115107847,0.00651311868049379,0.02038701417459654,0.02338151858844284
diabetes,Adaptive,13,0.05,11,"ADD(s2,s6)",ADD,0.01150170903715586,0.013735008484137381,0.006142482528413505,-0.011747166422870325,0.029393509181948718
diabetes,Adaptive,13,0.1,22,"ADD(age,sex)",ADD,0.02010453420950322,0.01844321263909865,0.008248055436901575,-0.012654951386122049,0.014508290229404808
diabetes,Adaptive,13,0.2,44,"MUL(s4,s6)",MUL,0.020967649903475237,0.014441407527047671,0.006458393784251145,0.004085411295477237,0.03744718115671741
diabetes,Random,99,0.05,11,"MUL(bmi,s6)",MUL,0.001545621482059878,0.007980176395607311,0.00356884337860344,0.0009660754555357309,-0.0009734002278567466
diabetes,Random,99,0.1,22,"ADD(sex,s3)",ADD,0.02206307525767943,0.022983542813180775,0.010278552818809792,0.021800753214588298,0.021940946566583408
diabetes,Random,99,0.2,44,"ADD(sex,s3)",ADD,0.02206307525767943,0.022983542813180775,0.010278552818809792,0.021800753214588298,0.021940946566583408
diabetes,Adaptive,99,0.05,11,"DIV(sex,s1)",DIV,0.006809821721242115,0.014594112332594732,0.006526685449389968,0.0005810378674314665,-0.007666851543668973
diabetes,Adaptive,99,0.1,22,"DIV(sex,s1)",DIV,0.006809821721242115,0.014594112332594732,0.006526685449389968,0.0005810378674314665,-0.007666851543668973
diabetes,Adaptive,99,0.2,44,"DIV(sex,bmi)",DIV,0.023111304098349782,0.019255251142776007,0.008611210095815532,0.0034999050753716787,0.0384137249564217
diabetes,Random,123,0.05,11,"SUB(s1,s4)",SUB,0.012995618523707009,0.014147938296156832,0.0063271503543358455,0.034541736788413435,-0.016076438424876383
diabetes,Random,123,0.1,22,"SUB(s1,s4)",SUB,0.012995618523707009,0.014147938296156832,0.0063271503543358455,0.034541736788413435,-0.016076438424876383
diabetes,Random,123,0.2,44,"SUB(s1,s4)",SUB,0.012995618523707009,0.014147938296156832,0.0063271503543358455,0.034541736788413435,-0.016076438424876383
diabetes,Adaptive,123,0.05,11,"SUB(s2,s3)",SUB,0.008326789022856107,0.01889456988639033,0.008449908534317851,-0.0038539416637471957,-0.010801594564615269
diabetes,Adaptive,123,0.1,22,"SUB(s1,s4)",SUB,0.012995618523707009,0.014147938296156832,0.0063271503543358455,0.034541736788413435,-0.016076438424876383
diabetes,Adaptive,123,0.2,44,"DIV(s1,s5)",DIV,0.025594086774554037,0.02557777278930558,0.011438727733986336,-0.061242831420868504,0.009079067827103326
california_housing,Random,42,0.05,7,"DIV(Population,Latitude)",DIV,0.0005934868424183337,0.002124147199523447,0.0009499475064700472,0.001077959976192533,0.0015855015333186007
california_housing,Random,42,0.1,14,SQUARE(Longitude),SQUARE,0.0057486211575105365,0.00685613461884695,0.003066156614126278,0.008305261064631253,0.007069581339077646
california_housing,Random,42,0.2,28,"MUL(Latitude,Longitude)",MUL,0.007068716670475017,0.005327681439905199,0.002382611572418397,0.011422476879738963,0.01172351318335041
california_housing,Adaptive,42,0.05,7,"ADD(AveOccup,Longitude)",ADD,0.0009290789928478871,0.0021196061967545432,0.0009479167082945906,0.00014741120869410373,0.00045033299220098577
california_housing,Adaptive,42,0.1,14,"ADD(AveOccup,Longitude)",ADD,0.0009290789928478871,0.0021196061967545432,0.0009479167082945906,0.00014741120869410373,0.00045033299220098577
california_housing,Adaptive,42,0.2,28,"ADD(AveOccup,Longitude)",ADD,0.0009290789928478871,0.0021196061967545432,0.0009479167082945906,0.00014741120869410373,0.00045033299220098577
california_housing,Random,7,0.05,7,"DIV(AveOccup,Longitude)",DIV,0.0032450360310036343,0.0021967309466984666,0.0009824079450190476,0.0006650365420534099,0.003134512671934764
california_housing,Random,7,0.1,14,SQUARE(Latitude),SQUARE,0.004411643618124761,0.005705741948318771,0.0025516853717025725,-0.0029201945592550738,-0.0017886369526129986
california_housing,Random,7,0.2,28,SQUARE(Latitude),SQUARE,0.004411643618124761,0.005705741948318771,0.0025516853717025725,-0.0029201945592550738,-0.0017886369526129986
california_housing,Adaptive,7,0.05,7,SQUARE(Longitude),SQUARE,0.009621038091508582,0.007470325926814195,0.0033408313172871313,0.0014815018193697904,0.006536207788840009
california_housing,Adaptive,7,0.1,14,"ADD(Latitude,Longitude)",ADD,0.038626688910302895,0.018315138337835598,0.008190778868142581,0.035938747871549714,0.024175172328889882
california_housing,Adaptive,7,0.2,28,"ADD(Latitude,Longitude)",ADD,0.038626688910302895,0.018315138337835598,0.008190778868142581,0.035938747871549714,0.024175172328889882
california_housing,Random,13,0.05,7,SQUARE(Latitude),SQUARE,0.001386939835869172,0.003405253446983448,0.0015228756376140932,-9.015107091681074e-05,0.0005771844191337916
california_housing,Random,13,0.1,14,SQUARE(Latitude),SQUARE,0.001386939835869172,0.003405253446983448,0.0015228756376140932,-9.015107091681074e-05,0.0005771844191337916
california_housing,Random,13,0.2,28,"MUL(Latitude,Longitude)",MUL,0.011927618494106396,0.003606315769595907,0.0016127934418291834,0.002874230455839122,0.0023281015533649363
california_housing,Adaptive,13,0.05,7,"SUB(MedInc,AveOccup)",SUB,0.012262204979511294,0.005153681071134795,0.0023047962418822664,0.0220654677471801,0.020626543844256884
california_housing,Adaptive,13,0.1,14,"SUB(MedInc,AveOccup)",SUB,0.012262204979511294,0.005153681071134795,0.0023047962418822664,0.0220654677471801,0.020626543844256884
california_housing,Adaptive,13,0.2,28,"SUB(MedInc,AveOccup)",SUB,0.012262204979511294,0.005153681071134795,0.0023047962418822664,0.0220654677471801,0.020626543844256884
california_housing,Random,99,0.05,7,"ADD(Latitude,Longitude)",ADD,0.034366279583105695,0.010415794985608606,0.004658085125504457,0.025248209513884845,0.045750124289357874
california_housing,Random,99,0.1,14,"ADD(Latitude,Longitude)",ADD,0.034366279583105695,0.010415794985608606,0.004658085125504457,0.025248209513884845,0.045750124289357874
california_housing,Random,99,0.2,28,"ADD(Latitude,Longitude)",ADD,0.034366279583105695,0.010415794985608606,0.004658085125504457,0.025248209513884845,0.045750124289357874
california_housing,Adaptive,99,0.05,7,"MUL(Population,Latitude)",MUL,0.0002502929144372112,0.002417648713224508,0.001081205373696979,0.001922522327972409,-0.0020506619082648614
california_housing,Adaptive,99,0.1,14,"MUL(Population,AveOccup)",MUL,0.0006507721865772975,0.0034769790258128734,0.0015549522916117162,-0.002576978695735921,0.00035004093046697715
california_housing,Adaptive,99,0.2,28,"SUB(HouseAge,Latitude)",SUB,0.0014201073864094304,0.007053466588665909,0.003154406153856104,0.0075609653118132725,0.008638338198115214
california_housing,Random,123,0.05,7,"ADD(MedInc,AveBedrms)",ADD,0.003140220414096473,0.005024876295126272,0.002247192994885928,-0.007381453805098803,-0.0052398315332830014
california_housing,Random,123,0.1,14,"ADD(MedInc,AveBedrms)",ADD,0.003140220414096473,0.005024876295126272,0.002247192994885928,-0.007381453805098803,-0.0052398315332830014
california_housing,Random,123,0.2,28,"ADD(MedInc,HouseAge)",ADD,0.005705207031795001,0.008109932811644504,0.0036268722119586214,-0.01211174345942534,-0.000665828153522896
california_housing,Adaptive,123,0.05,7,ABS(Latitude),ABS,0.002831845486913576,0.005151437595801598,0.0023037929292120916,0.00623807918183894,0.00845975624714368
california_housing,Adaptive,123,0.1,14,"ADD(Latitude,Longitude)",ADD,0.03432194301159375,0.016584152246705185,0.007416658354567731,0.035714815965443236,0.03772675604714626
california_housing,Adaptive,123,0.2,28,"ADD(Latitude,Longitude)",ADD,0.03432194301159375,0.016584152246705185,0.007416658354567731,0.035714815965443236,0.03772675604714626
iris,Random,42,0.05,5,SQRT(sepal length (cm)),SQRT,0.0,0.0,0.0,0.0,0.0
iris,Random,42,0.1,5,SQRT(sepal length (cm)),SQRT,0.0,0.0,0.0,0.0,0.0
iris,Random,42,0.2,8,SQRT(sepal length (cm)),SQRT,0.0,0.0,0.0,0.0,0.0
iris,Adaptive,42,0.05,5,SQRT(sepal length (cm)),SQRT,0.0,0.0,0.0,0.0,0.0
iris,Adaptive,42,0.1,5,SQRT(sepal length (cm)),SQRT,0.0,0.0,0.0,0.0,0.0
iris,Adaptive,42,0.2,8,SQRT(sepal length (cm)),SQRT,0.0,0.0,0.0,0.0,0.0
iris,Random,7,0.05,5,"MUL(sepal length (cm),sepal width (cm))",MUL,0.011111111111111117,0.022222222222222233,0.009938079899999069,0.0,-0.03448275862068961
iris,Random,7,0.1,5,"MUL(sepal length (cm),sepal width (cm))",MUL,0.011111111111111117,0.022222222222222233,0.009938079899999069,0.0,-0.03448275862068961
iris,Random,7,0.2,8,"MUL(sepal length (cm),sepal width (cm))",MUL,0.011111111111111117,0.022222222222222233,0.009938079899999069,0.0,-0.03448275862068961
iris,Adaptive,7,0.05,5,"SUB(sepal width (cm),petal length (cm))",SUB,0.011111111111111117,0.022222222222222233,0.009938079899999069,0.0,0.0
iris,Adaptive,7,0.1,5,"SUB(sepal width (cm),petal length (cm))",SUB,0.011111111111111117,0.022222222222222233,0.009938079899999069,0.0,0.0
iris,Adaptive,7,0.2,8,"SUB(sepal width (cm),petal length (cm))",SUB,0.011111111111111117,0.022222222222222233,0.009938079899999069,0.0,0.0
iris,Random,13,0.05,5,SQUARE(sepal length (cm)),SQUARE,0.022222222222222233,0.04444444444444447,0.019876159799998138,0.0357142857142857,-0.034482758620689724
iris,Random,13,0.1,5,SQUARE(sepal length (cm)),SQUARE,0.022222222222222233,0.04444444444444447,0.019876159799998138,0.0357142857142857,-0.034482758620689724
iris,Random,13,0.2,8,SQUARE(sepal length (cm)),SQUARE,0.022222222222222233,0.04444444444444447,0.019876159799998138,0.0357142857142857,-0.034482758620689724
iris,Adaptive,13,0.05,5,ABS(petal length (cm)),ABS,0.011111111111111117,0.022222222222222233,0.009938079899999069,0.0714285714285714,0.0
iris,Adaptive,13,0.1,5,ABS(petal length (cm)),ABS,0.011111111111111117,0.022222222222222233,0.009938079899999069,0.0714285714285714,0.0
iris,Adaptive,13,0.2,8,ABS(petal length (cm)),ABS,0.011111111111111117,0.022222222222222233,0.009938079899999069,0.0714285714285714,0.0
iris,Random,99,0.05,5,LOG(sepal length (cm)),LOG,0.011111111111111117,0.022222222222222233,0.009938079899999069,0.0,0.0
iris,Random,99,0.1,5,LOG(sepal length (cm)),LOG,0.011111111111111117,0.022222222222222233,0.009938079899999069,0.0,0.0
iris,Random,99,0.2,8,"MUL(sepal width (cm),petal length (cm))",MUL,0.02163742690058481,0.04255767344715852,0.019032370158416852,-0.0714285714285714,0.0
iris,Adaptive,99,0.05,5,"MUL(sepal length (cm),sepal width (cm))",MUL,0.0005847953216374213,0.034219272136439306,0.015303323727528548,-0.0714285714285714,0.0
iris,Adaptive,99,0.1,5,"MUL(sepal length (cm),sepal width (cm))",MUL,0.0005847953216374213,0.034219272136439306,0.015303323727528548,-0.0714285714285714,0.0
iris,Adaptive,99,0.2,8,"MUL(sepal length (cm),sepal width (cm))",MUL,0.0005847953216374213,0.034219272136439306,0.015303323727528548,-0.0714285714285714,0.0
iris,Random,123,0.05,5,ABS(petal length (cm)),ABS,0.02163742690058481,0.026516453915215538,0.011858518695332478,0.0,0.0
iris,Random,123,0.1,5,ABS(petal length (cm)),ABS,0.02163742690058481,0.026516453915215538,0.011858518695332478,0.0,0.0
iris,Random,123,0.2,8,ABS(petal length (cm)),ABS,0.02163742690058481,0.026516453915215538,0.011858518695332478,0.0,0.0
iris,Adaptive,123,0.05,5,LOG(petal length (cm)),LOG,0.010526315789473694,0.02105263157894739,0.009415023063157018,0.0,0.0
iris,Adaptive,123,0.1,5,LOG(petal length (cm)),LOG,0.010526315789473694,0.02105263157894739,0.009415023063157018,0.0,0.0
iris,Adaptive,123,0.2,8,SQRT(sepal length (cm)),SQRT,0.011111111111111117,0.022222222222222233,0.009938079899999069,0.0,0.0
titanic,Random,42,0.05,453,"MUL(age,fare)",MUL,0.00244650606015262,0.0029963691014303962,0.0013400169992956656,0.0,0.0
titanic,Random,42,0.1,907,"MUL(age,fare)",MUL,0.00244650606015262,0.0029963691014303962,0.0013400169992956656,0.0,0.0
titanic,Random,42,0.2,1814,"DIV(pclass,name_Aks, Master. Philip Frank)",DIV,0.003058132575190775,0.0030581611747126586,0.0015290805873563293,0.004065040650406471,-0.004065040650406471
titanic,Adaptive,42,0.05,453,SQUARE(age),SQUARE,0.003658536585365857,0.007317073170731714,0.003272294601219207,-0.004065040650406471,-0.004065040650406471
titanic,Adaptive,42,0.1,907,SQUARE(age),SQUARE,0.003658536585365857,0.007317073170731714,0.003272294601219207,-0.004065040650406471,-0.004065040650406471
titanic,Adaptive,42,0.2,1814,SQUARE(age),SQUARE,0.003658536585365857,0.007317073170731714,0.003272294601219207,-0.004065040650406471,-0.004065040650406471
titanic,Random,7,0.05,453,"DIV(pclass,name_Abbing, Mr. Anthony)",DIV,0.0015337423312883347,0.0026565196435105326,0.0013282598217552663,0.0,0.004065040650406471
titanic,Random,7,0.1,907,"DIV(pclass,name_Abbing, Mr. Anthony)",DIV,0.0015337423312883347,0.0026565196435105326,0.0013282598217552663,0.0,0.004065040650406471
titanic,Random,7,0.2,1814,"DIV(age,name_Alexander, Mr. William)",DIV,0.003067484662576697,0.005313039287021114,0.002656519643510557,0.004065040650406471,0.004065040650406471
titanic,Adaptive,7,0.05,453,"DIV(pclass,sibsp)",DIV,0.002446506060152598,0.0029963691014303693,0.0013400169992956535,-0.004065040650406582,0.0
titanic,Adaptive,7,0.1,907,"DIV(pclass,sibsp)",DIV,0.002446506060152598,0.0029963691014303693,0.0013400169992956535,-0.004065040650406582,0.0
titanic,Adaptive,7,0.2,1814,"DIV(pclass,sibsp)",DIV,0.002446506060152598,0.0029963691014303693,0.0013400169992956535,-0.004065040650406582,0.0
titanic,Random,13,0.05,453,"SQUARE(name_Murdlin, Mr. Joseph)",SQUARE,0.0,0.0,0.0,0.0,0.0
titanic,Random,13,0.1,907,"SQUARE(name_Murdlin, Mr. Joseph)",SQUARE,0.0,0.0,0.0,0.0,0.0
titanic,Random,13,0.2,1814,"SQUARE(name_Murdlin, Mr. Joseph)",SQUARE,0.0,0.0,0.0,0.0,0.0
titanic,Adaptive,13,0.05,453,SQUARE(ticket_36947),SQUARE,0.0,0.0,0.0,0.0,0.0
titanic,Adaptive,13,0.1,907,SQUARE(ticket_36947),SQUARE,0.0,0.0,0.0,0.0,0.0
titanic,Adaptive,13,0.2,1814,SQUARE(ticket_36947),SQUARE,0.0,0.0,0.0,0.0,0.0
titanic,Random,99,0.05,453,"DIV(sibsp,name_Ahlin, Mrs. Johan (Johanna Persdotter Larsson))",DIV,0.0015243902439024404,0.0026403213530013397,0.0013201606765006698,0.0,0.0
titanic,Random,99,0.1,907,"DIV(sibsp,name_Ahlin, Mrs. Johan (Johanna Persdotter Larsson))",DIV,0.0015243902439024404,0.0026403213530013397,0.0013201606765006698,0.0,0.0
titanic,Random,99,0.2,1814,"DIV(sibsp,name_Ahlin, Mrs. Johan (Johanna Persdotter Larsson))",DIV,0.0015243902439024404,0.0026403213530013397,0.0013201606765006698,0.0,0.0
titanic,Adaptive,99,0.05,453,"DIV(fare,name_Abelseth, Mr. Olaus Jorgensen)",DIV,0.0030487804878048808,0.005280642706002679,0.0026403213530013397,0.0,0.0
titanic,Adaptive,99,0.1,907,"DIV(parch,name_Adams, Mr. John)",DIV,0.004573170731707321,0.00792096405900402,0.00396048202950201,0.0,0.0
titanic,Adaptive,99,0.2,1814,"DIV(parch,name_Adams, Mr. John)",DIV,0.004573170731707321,0.00792096405900402,0.00396048202950201,0.0,0.0
titanic,Random,123,0.05,453,"LOG(name_Eitemiller, Mr. George Floyd)",LOG,0.0030487804878048808,0.005280642706002679,0.0026403213530013397,0.0,0.0
titanic,Random,123,0.1,907,LOG(ticket_349910),LOG,0.004885530450396525,0.007112215665646335,0.0031806795398048237,0.0,0.0
titanic,Random,123,0.2,1814,LOG(ticket_349910),LOG,0.004885530450396525,0.007112215665646335,0.0031806795398048237,0.0,0.0
titanic,Adaptive,123,0.05,453,LOG(cabin_C6),LOG,0.004573170731707321,0.00792096405900402,0.00396048202950201,-0.004065040650406582,0.0
titanic,Adaptive,123,0.1,907,LOG(cabin_C6),LOG,0.004573170731707321,0.00792096405900402,0.00396048202950201,-0.004065040650406582,0.0
titanic,Adaptive,123,0.2,1814,LOG(cabin_C6),LOG,0.004573170731707321,0.00792096405900402,0.00396048202950201,-0.004065040650406582,0.0
credit_g,Random,42,0.05,50,"DIV(duration,installment_commitment)",DIV,0.0032387096774193712,0.01937463074066568,0.00866459827501711,-0.010638297872340385,-0.021276595744680882
credit_g,Random,42,0.1,100,"DIV(duration,installment_commitment)",DIV,0.0032387096774193712,0.01937463074066568,0.00866459827501711,-0.010638297872340385,-0.021276595744680882
credit_g,Random,42,0.2,200,"MUL(residence_since,credit_history_no credits/all paid)",MUL,0.011225806451612908,0.016480606961737292,0.007370351495380172,0.021276595744680882,0.005319148936170137
credit_g,Adaptive,42,0.05,50,ABS(credit_amount),ABS,0.011238709677419334,0.021843922758937748,0.00976889923684791,0.0,0.005319148936170137
credit_g,Adaptive,42,0.1,100,ABS(credit_amount),ABS,0.011238709677419334,0.021843922758937748,0.00976889923684791,0.0,0.005319148936170137
credit_g,Adaptive,42,0.2,200,ABS(credit_amount),ABS,0.011238709677419334,0.021843922758937748,0.00976889923684791,0.0,0.005319148936170137
credit_g,Random,7,0.05,50,"DIV(residence_since,purpose_furniture/equipment)",DIV,0.006438709677419352,0.009402583389774578,0.004204963124729271,0.0,-0.005319148936170248
credit_g,Random,7,0.1,100,"DIV(residence_since,purpose_furniture/equipment)",DIV,0.006438709677419352,0.009402583389774578,0.004204963124729271,0.0,-0.005319148936170248
credit_g,Random,7,0.2,200,"DIV(existing_credits,checking_status_no checking)",DIV,0.008064516129032251,0.017644990268676414,0.007891079540616547,0.0,-0.005319148936170248
credit_g,Adaptive,7,0.05,50,"DIV(num_dependents,credit_history_no credits/all paid)",DIV,0.008051612903225803,0.01439750238485676,0.00643875880775101,0.0,-0.010638297872340496
credit_g,Adaptive,7,0.1,100,"DIV(num_dependents,credit_history_no credits/all paid)",DIV,0.008051612903225803,0.01439750238485676,0.00643875880775101,0.0,-0.010638297872340496
credit_g,Adaptive,7,0.2,200,"DIV(num_dependents,credit_history_no credits/all paid)",DIV,0.008051612903225803,0.01439750238485676,0.00643875880775101,0.0,-0.010638297872340496
credit_g,Random,13,0.05,50,"MUL(checking_status_<0,purpose_business)",MUL,0.009612903225806458,0.0059832579461664755,0.002675794298908803,0.005319148936170248,-0.005319148936170137
credit_g,Random,13,0.1,100,"MUL(num_dependents,checking_status_>=200)",MUL,0.012825806451612909,0.003940536154142221,0.0017622613416915193,0.0,0.010638297872340496
credit_g,Random,13,0.2,200,"DIV(duration,credit_history_delayed previously)",DIV,0.01442580645161291,0.013766816790272944,0.006156707635367153,-0.015957446808510634,-0.005319148936170137
credit_g,Adaptive,13,0.05,50,"MUL(credit_amount,num_dependents)",MUL,0.014400000000000013,0.009329523031752489,0.004172289539329699,0.005319148936170248,0.0
credit_g,Adaptive,13,0.1,100,"MUL(credit_amount,credit_history_delayed previously)",MUL,0.01602580645161291,0.01338665992291504,0.005986696315862025,-0.02659574468085102,-0.005319148936170137
credit_g,Adaptive,13,0.2,200,"DIV(credit_amount,credit_history_delayed previously)",DIV,0.019238709677419363,0.009619646909306471,0.004302036881751004,-0.037234042553191515,-0.005319148936170137
credit_g,Random,99,0.05,50,"MUL(duration,credit_history_all paid)",MUL,0.011212903225806458,0.008153409429667057,0.003646315546624666,-0.005319148936170248,-0.010638297872340496
credit_g,Random,99,0.1,100,"MUL(duration,credit_history_all paid)",MUL,0.011212903225806458,0.008153409429667057,0.003646315546624666,-0.005319148936170248,-0.010638297872340496
credit_g,Random,99,0.2,200,"MUL(duration,credit_history_all paid)",MUL,0.011212903225806458,0.008153409429667057,0.003646315546624666,-0.005319148936170248,-0.010638297872340496
credit_g,Adaptive,99,0.05,50,"MUL(credit_amount,residence_since)",MUL,0.008012903225806455,0.012393573575565087,0.005542574599821732,-0.010638297872340385,-0.010638297872340496
credit_g,Adaptive,99,0.1,100,"MUL(credit_amount,residence_since)",MUL,0.008012903225806455,0.012393573575565087,0.005542574599821732,-0.010638297872340385,-0.010638297872340496
credit_g,Adaptive,99,0.2,200,"MUL(credit_amount,residence_since)",MUL,0.008012903225806455,0.012393573575565087,0.005542574599821732,-0.010638297872340385,-0.010638297872340496
credit_g,Random,123,0.05,50,"MUL(existing_credits,credit_history_critical/other existing credit)",MUL,0.01763870967741934,0.009356360276703285,0.004184291520137457,0.0,0.010638297872340385
credit_g,Random,123,0.1,100,"MUL(checking_status_<0,credit_history_critical/other existing credit)",MUL,0.02085161290322577,0.01399023890429952,0.0062566250422951795,0.0,0.0
credit_g,Random,123,0.2,200,"MUL(checking_status_<0,credit_history_critical/other existing credit)",MUL,0.02085161290322577,0.01399023890429952,0.0062566250422951795,0.0,0.0
credit_g,Adaptive,123,0.05,50,"ADD(checking_status_<0,purpose_education)",ADD,0.0064129032258064544,0.005990154947538966,0.0026788787316907627,0.0,0.005319148936170248
credit_g,Adaptive,123,0.1,100,"ADD(checking_status_<0,purpose_education)",ADD,0.0064129032258064544,0.005990154947538966,0.0026788787316907627,0.0,0.005319148936170248
credit_g,Adaptive,123,0.2,200,"DIV(num_dependents,checking_status_>=200)",DIV,0.019277419354838666,0.015819081195338876,0.0070745081788732705,-0.005319148936170137,0.005319148936170248
blood_transfusion,Random,42,0.05,5,"MUL(V2,V4)",MUL,0.0150080073209792,0.014565690176765763,0.006513974674889835,0.02127659574468077,0.0
blood_transfusion,Random,42,0.1,5,"MUL(V2,V4)",MUL,0.0150080073209792,0.014565690176765763,0.006513974674889835,0.02127659574468077,0.0
blood_transfusion,Random,42,0.2,8,"MUL(V2,V4)",MUL,0.0150080073209792,0.014565690176765763,0.006513974674889835,0.02127659574468077,0.0
blood_transfusion,Adaptive,42,0.05,5,SQRT(V1),SQRT,0.0,0.0,0.0,0.0,0.0
blood_transfusion,Adaptive,42,0.1,5,SQRT(V1),SQRT,0.0,0.0,0.0,0.0,0.0
blood_transfusion,Adaptive,42,0.2,8,LOG(V2),LOG,0.010684053992221453,0.011653806175603366,0.005211740561051195,0.02127659574468077,0.007092198581560294
blood_transfusion,Random,7,0.05,5,"MUL(V2,V3)",MUL,0.012880347746511122,0.015806338861315557,0.007068809633859641,0.014184397163120588,-0.007092198581560294
blood_transfusion,Random,7,0.1,5,"MUL(V2,V3)",MUL,0.012880347746511122,0.015806338861315557,0.007068809633859641,0.014184397163120588,-0.007092198581560294
blood_transfusion,Random,7,0.2,8,"MUL(V2,V3)",MUL,0.012880347746511122,0.015806338861315557,0.007068809633859641,0.014184397163120588,-0.007092198581560294
blood_transfusion,Adaptive,7,0.05,5,LOG(V3),LOG,0.015030885380919724,0.01747674151152427,0.007815836408992138,0.0,-0.007092198581560294
blood_transfusion,Adaptive,7,0.1,5,LOG(V3),LOG,0.015030885380919724,0.01747674151152427,0.007815836408992138,0.0,-0.007092198581560294
blood_transfusion,Adaptive,7,0.2,8,LOG(V3),LOG,0.015030885380919724,0.01747674151152427,0.007815836408992138,0.0,-0.007092198581560294
blood_transfusion,Random,13,0.05,5,"SUB(V2,V3)",SUB,0.0,0.0,0.0,0.0,0.0
blood_transfusion,Random,13,0.1,5,"SUB(V2,V3)",SUB,0.0,0.0,0.0,0.0,0.0
blood_transfusion,Random,13,0.2,8,"SUB(V2,V3)",SUB,0.0,0.0,0.0,0.0,0.0
blood_transfusion,Adaptive,13,0.05,5,ABS(V1),ABS,0.0,0.0,0.0,0.0,0.0
blood_transfusion,Adaptive,13,0.1,5,ABS(V1),ABS,0.0,0.0,0.0,0.0,0.0
blood_transfusion,Adaptive,13,0.2,8,ABS(V1),ABS,0.0,0.0,0.0,0.0,0.0
blood_transfusion,Random,99,0.05,5,"ADD(V2,V3)",ADD,0.0,0.0,0.0,0.0,0.0
blood_transfusion,Random,99,0.1,5,"ADD(V2,V3)",ADD,0.0,0.0,0.0,0.0,0.0
blood_transfusion,Random,99,0.2,8,"ADD(V2,V3)",ADD,0.0,0.0,0.0,0.0,0.0
blood_transfusion,Adaptive,99,0.05,5,"DIV(V2,V4)",DIV,0.0,0.0,0.0,0.0,0.014184397163120588
blood_transfusion,Adaptive,99,0.1,5,"DIV(V2,V4)",DIV,0.0,0.0,0.0,0.0,0.014184397163120588
blood_transfusion,Adaptive,99,0.2,8,"DIV(V2,V4)",DIV,0.0,0.0,0.0,0.0,0.014184397163120588
blood_transfusion,Random,123,0.05,5,ABS(V3),ABS,0.008625028597574923,0.020829038151123438,0.00931502904236971,0.049645390070921946,0.0
blood_transfusion,Random,123,0.1,5,ABS(V3),ABS,0.008625028597574923,0.020829038151123438,0.00931502904236971,0.049645390070921946,0.0
blood_transfusion,Random,123,0.2,8,ABS(V3),ABS,0.008625028597574923,0.020829038151123438,0.00931502904236971,0.049645390070921946,0.0
blood_transfusion,Adaptive,123,0.05,5,"DIV(V1,V2)",DIV,0.012926103866392124,0.017172875888304382,0.007679943571083136,0.014184397163120588,0.007092198581560183
blood_transfusion,Adaptive,123,0.1,5,"DIV(V1,V2)",DIV,0.012926103866392124,0.017172875888304382,0.007679943571083136,0.014184397163120588,0.007092198581560183
blood_transfusion,Adaptive,123,0.2,8,"DIV(V1,V2)",DIV,0.012926103866392124,0.017172875888304382,0.007679943571083136,0.014184397163120588,0.007092198581560183
vehicle,Random,42,0.05,34,"MUL(SKEWNESS_ABOUT_MAJOR,KURTOSIS_ABOUT_MAJOR)",MUL,0.005678346810422274,0.004636466830496864,0.0020734910016827965,0.0,0.0
vehicle,Random,42,0.1,68,"MUL(SCALED_VARIANCE_MAJOR,HOLLOWS_RATIO)",MUL,0.03020664869721479,0.02342767252525933,0.010477173664216802,0.012578616352201255,0.012578616352201255
vehicle,Random,42,0.2,136,"MUL(SCALED_VARIANCE_MAJOR,HOLLOWS_RATIO)",MUL,0.03020664869721479,0.02342767252525933,0.010477173664216802,0.012578616352201255,0.012578616352201255
vehicle,Adaptive,42,0.05,34,"DIV(COMPACTNESS,DISTANCE_CIRCULARITY)",DIV,0.009469901168014383,0.006023546840984846,0.0026938120404192464,0.0062893081761006275,0.0062893081761006275
vehicle,Adaptive,42,0.1,68,"MUL(PR.AXIS_RECTANGULARITY,SKEWNESS_ABOUT_MAJOR)",MUL,0.020826594788858975,0.009229093718233826,0.004127376184937425,-0.018867924528301883,0.0
vehicle,Adaptive,42,0.2,136,"MUL(SCALED_VARIANCE_MAJOR,HOLLOWS_RATIO)",MUL,0.03020664869721479,0.02342767252525933,0.010477173664216802,0.012578616352201255,0.012578616352201255
vehicle,Random,7,0.05,34,"MUL(CIRCULARITY,MAX.LENGTH_RECTANGULARITY)",MUL,0.011356693620844594,0.011026656623009588,0.004931270754719542,-0.0062893081761006275,-0.0062893081761006275
vehicle,Random,7,0.1,68,"MUL(MAX.LENGTH_RECTANGULARITY,HOLLOWS_RATIO)",MUL,0.024672057502246214,0.029098285897694642,0.013013149059193742,-0.018867924528301883,0.0062893081761006275
vehicle,Random,7,0.2,136,"MUL(MAX.LENGTH_RECTANGULARITY,HOLLOWS_RATIO)",MUL,0.024672057502246214,0.029098285897694642,0.013013149059193742,-0.018867924528301883,0.0062893081761006275
vehicle,Adaptive,7,0.05,34,"MUL(KURTOSIS_ABOUT_MAJOR,KURTOSIS_ABOUT_MINOR)",MUL,0.015166217430368412,0.012818329400201351,0.005732531179366865,0.018867924528301883,0.0062893081761006275
vehicle,Adaptive,7,0.1,68,"MUL(MAX.LENGTH_ASPECT_RATIO,HOLLOWS_RATIO)",MUL,0.03220125786163526,0.021221504302229036,0.009490545240917673,0.03144654088050314,0.0062893081761006275
vehicle,Adaptive,7,0.2,136,"MUL(MAX.LENGTH_ASPECT_RATIO,HOLLOWS_RATIO)",MUL,0.03220125786163526,0.021221504302229036,0.009490545240917673,0.03144654088050314,0.0062893081761006275
vehicle,Random,13,0.05,34,"MUL(SCALED_VARIANCE_MAJOR,HOLLOWS_RATIO)",MUL,0.015148247978436702,0.004629566959463698,0.0020704052855495684,0.0,0.02515723270440251
vehicle,Random,13,0.1,68,"MUL(SCALED_VARIANCE_MAJOR,HOLLOWS_RATIO)",MUL,0.015148247978436702,0.004629566959463698,0.0020704052855495684,0.0,0.02515723270440251
vehicle,Random,13,0.2,136,"MUL(CIRCULARITY,MAX.LENGTH_ASPECT_RATIO)",MUL,0.01703504043126689,0.007050485696382618,0.0031530730583002953,0.0062893081761006275,0.02515723270440251
vehicle,Adaptive,13,0.05,34,"MUL(MAX.LENGTH_RECTANGULARITY,HOLLOWS_RATIO)",MUL,0.01901168014375563,0.02081670846858002,0.009309515040708092,-0.012578616352201255,0.02515723270440251
vehicle,Adaptive,13,0.1,68,"MUL(MAX.LENGTH_RECTANGULARITY,HOLLOWS_RATIO)",MUL,0.01901168014375563,0.02081670846858002,0.009309515040708092,-0.012578616352201255,0.02515723270440251
vehicle,Adaptive,13,0.2,136,"MUL(MAX.LENGTH_RECTANGULARITY,HOLLOWS_RATIO)",MUL,0.01901168014375563,0.02081670846858002,0.009309515040708092,-0.012578616352201255,0.02515723270440251
vehicle,Random,99,0.05,34,"MUL(RADIUS_RATIO,ELONGATEDNESS)",MUL,0.024636118598382772,0.01759872748842162,0.007870390196320977,-0.0062893081761006275,-0.018867924528301883
vehicle,Random,99,0.1,68,"MUL(RADIUS_RATIO,MAX.LENGTH_RECTANGULARITY)",MUL,0.026558849955076402,0.022848537938496588,0.010218176803392256,0.0,-0.0062893081761006275
vehicle,Random,99,0.2,136,"MUL(RADIUS_RATIO,MAX.LENGTH_RECTANGULARITY)",MUL,0.026558849955076402,0.022848537938496588,0.010218176803392256,0.0,-0.0062893081761006275
vehicle,Adaptive,99,0.05,34,"MUL(MAX.LENGTH_ASPECT_RATIO,SCALED_VARIANCE_MINOR)",MUL,0.030296495956873337,0.013949017827201975,0.006238190416196006,-0.012578616352201255,0.0
vehicle,Adaptive,99,0.1,68,"MUL(PR.AXIS_ASPECT_RATIO,ELONGATEDNESS)",MUL,0.034106019766397155,0.022167677004236195,0.009913686536946204,0.0,-0.012578616352201255
vehicle,Adaptive,99,0.2,136,"MUL(PR.AXIS_ASPECT_RATIO,ELONGATEDNESS)",MUL,0.034106019766397155,0.022167677004236195,0.009913686536946204,0.0,-0.012578616352201255
vehicle,Random,123,0.05,34,"MUL(SCALED_VARIANCE_MAJOR,HOLLOWS_RATIO)",MUL,0.01712488769092544,0.022039999789938414,0.009856587550876676,0.018867924528301883,-0.012578616352201366
vehicle,Random,123,0.1,68,"MUL(SCALED_VARIANCE_MAJOR,HOLLOWS_RATIO)",MUL,0.01712488769092544,0.022039999789938414,0.009856587550876676,0.018867924528301883,-0.012578616352201366
vehicle,Random,123,0.2,136,"MUL(SCALED_VARIANCE_MAJOR,HOLLOWS_RATIO)",MUL,0.01712488769092544,0.022039999789938414,0.009856587550876676,0.018867924528301883,-0.012578616352201366
vehicle,Adaptive,123,0.05,34,"SUB(CIRCULARITY,SCATTER_RATIO)",SUB,0.005660377358490565,0.007547169811320754,0.0033751969471694935,-0.0062893081761006275,0.0062893081761006275
vehicle,Adaptive,123,0.1,68,"SUB(DISTANCE_CIRCULARITY,RADIUS_RATIO)",SUB,0.0056963162623540065,0.007610142450451923,0.0034033591675334644,0.0062893081761006275,0.0062893081761006275
vehicle,Adaptive,123,0.2,136,"MUL(RADIUS_RATIO,SCATTER_RATIO)",MUL,0.007583108715184195,0.011038948921525573,0.004936768037735834,0.0062893081761006275,0.018867924528301883
spambase,Random,42,0.05,49,LOG(word_freq_you),LOG,0.001739130434782621,0.0010999226644064076,0.0004919003695210832,-0.0011587485515642815,0.004634994206257237
spambase,Random,42,0.1,98,ABS(word_freq_our),ABS,0.004869565217391303,0.006260869565217379,0.002799945989217122,0.0034762456546929554,0.016222479721900385
spambase,Random,42,0.2,197,ABS(word_freq_our),ABS,0.004869565217391303,0.006260869565217379,0.002799945989217122,0.0034762456546929554,0.016222479721900385
spambase,Adaptive,42,0.05,49,"MUL(word_freq_business,word_freq_you)",MUL,0.0024347826086956515,0.0023590712984783466,0.0010550087574332557,-0.002317497103128674,0.0011587485515642815
spambase,Adaptive,42,0.1,98,LOG(word_freq_our),LOG,0.00521739130434784,0.0047944517398574435,0.0021441440010326763,-0.0011587485515642815,0.011587485515643148
spambase,Adaptive,42,0.2,197,ABS(char_freq_%21),ABS,0.006608695652173924,0.0031878787443170857,0.001425662715263935,0.011587485515643148,0.008111239860950192
spambase,Random,7,0.05,49,ABS(char_freq_%24),ABS,0.0017391304347825986,0.0010999226644063725,0.0004919003695210675,0.0011587485515643925,-0.0011587485515642815
spambase,Random,7,0.1,98,ABS(char_freq_%21),ABS,0.008695652173912993,0.006599535986438351,0.0029514022171264567,-0.010428736964078755,0.01390498261877171
spambase,Random,7,0.2,197,ABS(char_freq_%21),ABS,0.008695652173912993,0.006599535986438351,0.0029514022171264567,-0.010428736964078755,0.01390498261877171
spambase,Adaptive,7,0.05,49,"MUL(word_freq_receive,word_freq_report)",MUL,0.0024347826086956294,0.0008519964322724212,0.0003810243878296859,-0.0011587485515642815,0.0034762456546929554
spambase,Adaptive,7,0.1,98,"MUL(word_freq_receive,word_freq_report)",MUL,0.0024347826086956294,0.0008519964322724212,0.0003810243878296859,-0.0011587485515642815,0.0034762456546929554
spambase,Adaptive,7,0.2,197,SQUARE(char_freq_%21),SQUARE,0.009043478260869531,0.004967950211160228,0.0022217348761977406,-0.0011587485515642815,0.010428736964078866
spambase,Random,13,0.05,49,ABS(capital_run_length_total),ABS,0.001739130434782643,0.005275043787166308,0.002359071298478359,0.004634994206257237,0.0
spambase,Random,13,0.1,98,ABS(capital_run_length_total),ABS,0.001739130434782643,0.005275043787166308,0.002359071298478359,0.004634994206257237,0.0
spambase,Random,13,0.2,197,ABS(char_freq_%21),ABS,0.004173913043478273,0.004202798599511183,0.0018795486728495838,0.002317497103128674,0.018539976825028948
spambase,Adaptive,13,0.05,49,"DIV(word_freq_our,word_freq_mail)",DIV,0.0006956521739130527,0.0013913043478261055,0.0006222102198260367,0.0,0.0
spambase,Adaptive,13,0.1,98,ABS(capital_run_length_total),ABS,0.001739130434782643,0.005275043787166308,0.002359071298478359,0.004634994206257237,0.0
spambase,Adaptive,13,0.2,197,ABS(word_freq_our),ABS,0.00521739130434784,0.00592326482293093,0.0026489645585613627,0.0,0.01274623406720743
spambase,Random,99,0.05,49,ABS(word_freq_money),ABS,0.0024347826086956736,0.0013913043478260834,0.0006222102198260268,0.002317497103128674,0.002317497103128674
spambase,Random,99,0.1,98,ABS(word_freq_money),ABS,0.0024347826086956736,0.0013913043478260834,0.0006222102198260268,0.002317497103128674,0.002317497103128674
spambase,Random,99,0.2,197,LOG(word_freq_our),LOG,0.007304347826086998,0.0025559892968172637,0.0011430731634890577,0.011587485515643148,0.016222479721900385
spambase,Adaptive,99,0.05,49,ABS(word_freq_our),ABS,0.008000000000000052,0.0037462016049631423,0.0016753522892232798,0.009269988412514474,0.02085747392815762
spambase,Adaptive,99,0.1,98,ABS(word_freq_our),ABS,0.008000000000000052,0.0037462016049631423,0.0016753522892232798,0.009269988412514474,0.02085747392815762
spambase,Adaptive,99,0.2,197,ABS(word_freq_our),ABS,0.008000000000000052,0.0037462016049631423,0.0016753522892232798,0.009269988412514474,0.02085747392815762
spambase,Random,123,0.05,49,SQUARE(word_freq_our),SQUARE,0.0020869565217391138,0.004316408224692426,0.00193035644181029,0.0034762456546929554,-0.008111239860950192
spambase,Random,123,0.1,98,SQUARE(word_freq_our),SQUARE,0.0020869565217391138,0.004316408224692426,0.00193035644181029,0.0034762456546929554,-0.008111239860950192
spambase,Random,123,0.2,197,SQUARE(word_freq_our),SQUARE,0.0020869565217391138,0.004316408224692426,0.00193035644181029,0.0034762456546929554,-0.008111239860950192
spambase,Adaptive,123,0.05,49,"MUL(word_freq_business,word_freq_credit)",MUL,0.0003478260869565153,0.001703992864544788,0.0007620487756593474,-0.002317497103128563,0.0011587485515642815
spambase,Adaptive,123,0.1,98,"MUL(word_freq_our,word_freq_you)",MUL,0.0027826086956521667,0.0030322775259413303,0.0013560757349299392,0.004634994206257237,-0.0011587485515643925
spambase,Adaptive,123,0.2,197,"MUL(word_freq_our,word_freq_you)",MUL,0.0027826086956521667,0.0030322775259413303,0.0013560757349299392,0.004634994206257237,-0.0011587485515643925
