target,model,cold_count,cold_spearman,cold_p10,cold_p25,cold_ndcg10
breast_cancer,A_TransformOnly,880,0.08656953335871614,0.0,0.0,0.886842105263159
breast_cancer,B_Phase7,880,0.15216188389321572,0.0,0.0,0.9334739949321351
breast_cancer,C_Phase7_1_Full,880,0.03425684441105436,0.0,0.0,0.7241269253682574
breast_cancer,D_SimOnly,880,0.0944998822905082,0.0,0.0,0.8983805331236492
breast_cancer,E_MicroCtxOnly,880,0.1180549331260405,0.0,0.0,0.8408404181094711
breast_cancer,F_MicroCtxSim,880,0.12388884960309522,0.0,0.0,0.8281516543039265
wine,A_TransformOnly,364,0.13137144030645775,0.1,0.16,0.9230769230769228
wine,B_Phase7,364,0.05861479084501683,0.2,0.2,1.0
wine,C_Phase7_1_Full,364,0.0037183531023633975,0.0,0.0,0.8611375561264454
wine,D_SimOnly,364,0.11457025738857217,0.0,0.0,1.0
wine,E_MicroCtxOnly,364,0.04485292686386728,0.0,0.24,1.0
wine,F_MicroCtxSim,364,0.14145226675608893,0.0,0.0,1.0
diabetes,A_TransformOnly,216,-0.09157812563396343,0.0,0.08,0.44124029262396985
diabetes,B_Phase7,216,0.10380644907757042,0.0,0.12,0.5174903805045185
diabetes,C_Phase7_1_Full,216,-0.045084444044345036,0.0,0.0,0.444747510141882
diabetes,D_SimOnly,216,0.07294412612471295,0.0,0.12,0.5155735519853584
diabetes,E_MicroCtxOnly,216,0.007612046979796698,0.1,0.08,0.5337311152101722
diabetes,F_MicroCtxSim,216,-0.0010085887824619168,0.0,0.04,0.4922898493150865
california_housing,A_TransformOnly,144,0.04943410472199949,0.1,0.08,0.393247021565996
california_housing,B_Phase7,144,0.04523005432370806,0.2,0.2,0.48821677182472817
california_housing,C_Phase7_1_Full,144,0.16671623563751575,0.3,0.28,0.695742770883946
california_housing,D_SimOnly,144,0.16491841491841494,0.1,0.28,0.3703904117365617
california_housing,E_MicroCtxOnly,144,0.14920424403183027,0.1,0.24,0.3288567544555075
california_housing,F_MicroCtxSim,144,0.08469576400610883,0.1,0.28,0.35236983952077616
iris,A_TransformOnly,40,0.005999526704207564,0.2,0.56,0.5022283665070182
iris,B_Phase7,40,-0.15437237729473915,0.2,0.56,0.5555139810095117
iris,C_Phase7_1_Full,40,0.08856582973625758,0.1,0.72,0.5572827818986917
iris,D_SimOnly,40,-0.07701947179413342,0.2,0.64,0.5263088397576008
iris,E_MicroCtxOnly,40,0.1119808851424189,0.2,0.6,0.6561233477060974
iris,F_MicroCtxSim,40,-0.1143812209842415,0.2,0.52,0.5841250868206953
titanic,A_TransformOnly,9068,-0.12628768715188643,0.0,0.04,0.993783393496037
titanic,B_Phase7,9068,-0.012243313864058757,0.0,0.0,0.9915634517881093
titanic,C_Phase7_1_Full,9068,-0.07275913645866904,0.0,0.0,0.9940944833604248
titanic,D_SimOnly,9068,-0.13139756231744917,0.0,0.0,0.9903651877980331
titanic,E_MicroCtxOnly,9068,0.17012764515037188,0.0,0.0,0.9930843253139756
titanic,F_MicroCtxSim,9068,-0.03182603777673001,0.0,0.0,0.9387037774536532
credit_g,A_TransformOnly,1000,-0.40757976773378424,0.0,0.0,0.383431783856673
credit_g,B_Phase7,1000,-0.0681215758164273,0.0,0.0,0.36680872434083905
credit_g,C_Phase7_1_Full,1000,-0.16263172571748352,0.0,0.0,0.39936115276156103
credit_g,D_SimOnly,1000,-0.08770427888320931,0.0,0.0,0.41772429257379207
credit_g,E_MicroCtxOnly,1000,-0.1496503403337782,0.0,0.0,0.45694836077133694
credit_g,F_MicroCtxSim,1000,-0.16809183591141524,0.0,0.0,0.44271785153672977
blood_transfusion,A_TransformOnly,40,-0.18585869206248068,0.2,0.52,0.2540371780306061
blood_transfusion,B_Phase7,40,0.1071196063361864,0.2,0.6,0.2813568064377685
blood_transfusion,C_Phase7_1_Full,40,-0.17426871093307156,0.1,0.64,0.04914319073614004
blood_transfusion,D_SimOnly,40,-0.15227912983029268,0.2,0.56,0.311090654576325
blood_transfusion,E_MicroCtxOnly,40,0.06045146774856399,0.5,0.6,0.6197717327145159
blood_transfusion,F_MicroCtxSim,40,0.026042241296526703,0.4,0.64,0.46661957764770895
vehicle,A_TransformOnly,684,0.06402794775350275,0.0,0.04,0.4432926851187268
vehicle,B_Phase7,684,-0.13826955457775147,0.1,0.04,0.5641699670711887
vehicle,C_Phase7_1_Full,684,-0.16007187339222098,0.1,0.08,0.6139198479604143
vehicle,D_SimOnly,684,-0.04248391380237087,0.0,0.04,0.5548534512271992
vehicle,E_MicroCtxOnly,684,0.03096961281701259,0.0,0.08,0.5124535863977897
vehicle,F_MicroCtxSim,684,0.02444383059197749,0.0,0.12,0.5544461936821126
spambase,A_TransformOnly,988,0.0912404655580534,0.0,0.0,0.424700333928187
spambase,B_Phase7,988,0.013197055226032968,0.0,0.0,0.4328479620516092
spambase,C_Phase7_1_Full,988,0.06479757799500518,0.1,0.16,0.5916144176949073
spambase,D_SimOnly,988,-0.02088226331963449,0.0,0.12,0.4605835225289095
spambase,E_MicroCtxOnly,988,0.058987328731715055,0.0,0.0,0.48005457405276136
spambase,F_MicroCtxSim,988,0.037296819477078226,0.1,0.24,0.5569234791770455
