spearman,pearson,rmse,mae,precision_at_10,precision_at_25,precision_at_50,ndcg_at_10,ndcg_at_25,ndcg_at_50,target,model,pred_std,actual_std,std_ratio
0.08656953335871614,-0.017789885715526352,0.008105250867055101,0.005948764011677192,0.0,0.0,0.08,0.886842105263159,0.8868421052631589,0.8868421052631591,breast_cancer,A_TransformOnly,0.0021287595984283425,0.005970980901560467,0.3565175694190365
0.15216188389321572,0.13966989051859047,0.01097621022792646,0.009024809477814037,0.0,0.0,0.02,0.9334739949321351,0.9178484921515616,0.9248161809567291,breast_cancer,B_Phase7,0.002864086573239315,0.005970980901560467,0.47966768274390925
0.03425684441105436,0.03304225977405018,0.008632007953900275,0.006444921727661465,0.0,0.0,0.02,0.7241269253682574,0.8169590885388562,0.8702111947558334,breast_cancer,C_Phase7_1_Full,0.004084298591123007,0.005970980901560467,0.6840247285620332
0.0944998822905082,0.08459993565926752,0.006200143436253129,0.00563109944245644,0.0,0.0,0.04,0.8983805331236492,0.8520280761375411,0.8235988116679753,breast_cancer,D_SimOnly,0.0018589118548901981,0.005970980901560467,0.31132436784265416
0.1180549331260405,0.18976502703834747,0.007006920376202807,0.005628725924819711,0.0,0.0,0.02,0.8408404181094711,0.8359385815950967,0.8437933127783662,breast_cancer,E_MicroCtxOnly,0.004938492087885312,0.005970980901560467,0.8270822111937413
0.12388884960309522,0.19508234132113775,0.008270751273761486,0.007212505081597882,0.0,0.0,0.04,0.8281516543039265,0.8447736590844643,0.8578707757027428,breast_cancer,F_MicroCtxSim,0.005080256999363061,0.005970980901560467,0.8508245265337481
0.03255275959825632,0.03391304988683555,0.029475094575725985,0.025326412495286298,0.02,0.032,0.032,0.8273446242547979,0.8436742652715798,0.8497703842136982,breast_cancer,Random,,0.005970980901560467,
,,0.00786832575863855,0.0051242499272825355,0.0,0.28,0.5,0.8289772727272673,0.8289772727272672,0.8289772727272673,breast_cancer,GlobalMean,0.0,0.005970980901560467,0.0
0.13137144030645775,0.18255972996112044,0.012524193693636667,0.004378570324894693,0.1,0.16,0.18,0.9230769230769228,0.9449630427294848,0.9605628533115964,wine,A_TransformOnly,0.0016855582523089053,0.012254024596926807,0.13755140107961558
0.05861479084501683,0.043472441327199976,0.013244524482898772,0.005195361942190499,0.2,0.2,0.1,1.0,0.9999999999999998,0.9930012132406719,wine,B_Phase7,0.0018303280639395166,0.012254024596926807,0.14936546351059063
0.0037183531023633975,-0.009445025588645847,0.016625686410208198,0.010629611496691152,0.0,0.0,0.32,0.8611375561264454,0.9066735556552235,0.9198019158382531,wine,C_Phase7_1_Full,0.00364204941948644,0.012254024596926807,0.2972125109086707
0.11457025738857217,0.10469285515475858,0.016642873966689686,0.010527849163841642,0.0,0.0,0.12,1.0,0.9999999999999998,0.9918470198321485,wine,D_SimOnly,0.006151943827304899,0.012254024596926807,0.5020345583724153
0.04485292686386728,0.05311761175206555,0.012525715526304033,0.0051203336003623175,0.0,0.24,0.24,1.0,0.9999999999999998,0.9852965451867487,wine,E_MicroCtxOnly,0.0030566087618527802,0.012254024596926807,0.24943713287224112
0.14145226675608893,0.12322402821300094,0.015318665373258275,0.008141863729617555,0.0,0.0,0.14,1.0,0.9999999999999998,0.9928557663037154,wine,F_MicroCtxSim,0.006605756812262163,0.012254024596926807,0.5390683492980547
-0.01829554508120722,-0.003242306442889413,0.03153009617017373,0.026384622771228723,0.0,0.08,0.132,0.942730802049506,0.938735826103879,0.9498574425114183,wine,Random,,0.012254024596926807,
,,0.01281857795963873,0.0037622894738773985,0.8,0.36,0.5,0.9615384615384572,0.9615384615384572,0.9615384615384573,wine,GlobalMean,0.0,0.012254024596926807,0.0
-0.11193380169574829,-0.0522248027992398,0.026013219196806298,0.019676672280806433,0.0,0.04,0.2,0.43367355990066697,0.4983808028690007,0.6016756051016153,diabetes,A_TransformOnly,0.0018054893071823236,0.021286381134662583,0.08481898805041405
0.06545383861127907,0.05496863603660433,0.028233844805300903,0.021931859329689014,0.0,0.12,0.24,0.44175177420704165,0.5261173561885524,0.6187397557947575,diabetes,B_Phase7,0.0016088142795117849,0.021286381134662583,0.07557951110893267
-0.059982587309725076,-0.05315465289063771,0.027417261350192075,0.020884196231389672,0.0,0.0,0.08,0.41860088036598975,0.4873953623699765,0.5640254869804037,diabetes,C_Phase7_1_Full,0.002422774755958735,0.021286381134662583,0.11381806707856457
0.049353956462678115,0.08941105510986198,0.026573117819571602,0.020308891287171043,0.0,0.08,0.16,0.4932773256459862,0.5457027472252113,0.6094055515427705,diabetes,D_SimOnly,0.003733373852235558,0.021286381134662583,0.17538790781025584
-0.018483346758797443,0.05869350165466556,0.028012124792254987,0.02178123311557968,0.1,0.08,0.24,0.5137278154068182,0.5774278152835822,0.6337463630929572,diabetes,E_MicroCtxOnly,0.004315451824953536,0.021286381134662583,0.20273299615609877
-0.019390017437584832,0.015023211952279302,0.029241885393025142,0.022932339255224653,0.0,0.04,0.18,0.4922898493150865,0.5421316954315523,0.607855523740954,diabetes,F_MicroCtxSim,0.004808921464471698,0.021286381134662583,0.22591540731247037
-0.03180605249182071,-0.03499739162304753,0.03850781266087588,0.030816848242841265,0.08,0.096,0.24,0.5163814334076949,0.5670591611942267,0.6329765289329957,diabetes,Random,,0.021286381134662583,
,,0.025424966496701933,0.019080327195549415,0.0,0.12,0.32,0.4971730470333221,0.5650239641224966,0.6297695110446717,diabetes,GlobalMean,0.0,0.021286381134662583,0.0
0.04943410472199949,0.030309073176192927,0.00522331740541337,0.00368051473094884,0.1,0.08,0.36,0.393247021565996,0.5021233821499265,0.5934464068357843,california_housing,A_TransformOnly,0.001755930962769389,0.0047010025887869265,0.3735226537811749
0.04523005432370806,0.14763202354741492,0.0059335895514436654,0.0045815229004548584,0.2,0.2,0.44,0.48821677182472817,0.5517810299818244,0.6307062051702645,california_housing,B_Phase7,0.0031334819711425006,0.0047010025887869265,0.6665561040000461
0.16671623563751575,0.27092923006449265,0.00813900176520755,0.007171161041941913,0.3,0.28,0.38,0.695742770883946,0.7387334852067203,0.7581796757631322,california_housing,C_Phase7_1_Full,0.0027333360387993048,0.0047010025887869265,0.5814368289729432
0.16491841491841494,0.23782436417590383,0.008795008148928045,0.00617276376070336,0.1,0.28,0.34,0.3703904117365617,0.552785976576065,0.640810342913954,california_housing,D_SimOnly,0.0072759736283940606,0.0047010025887869265,1.5477493341955049
0.14920424403183027,0.22672683344178002,0.010198541884131218,0.006909481237201242,0.1,0.24,0.38,0.3288567544555075,0.5373197097975072,0.6217359516930531,california_housing,E_MicroCtxOnly,0.009781288089688171,0.0047010025887869265,2.0806812808268433
0.08469576400610883,0.184068769729464,0.008064389351230323,0.0058620553040192045,0.1,0.28,0.36,0.35236983952077616,0.553382916398406,0.6328629406159939,california_housing,F_MicroCtxSim,0.0060451543852712685,0.0047010025887869265,1.2859287502637315
-0.04337995337995337,-0.03633070176625865,0.028861725832837644,0.02467644817572045,0.1,0.176,0.328,0.3702450265946055,0.47378963195446405,0.5615446016590637,california_housing,Random,,0.0047010025887869265,
,,0.00512016359483821,0.0036382694439597695,0.3,0.16,0.4,0.3746649905731275,0.47759883716353313,0.5747559371278115,california_housing,GlobalMean,0.0,0.0047010025887869265,0.0
0.005999526704207564,0.027035518051266326,0.029088909293574668,0.020428108710605217,0.2,0.56,1.0,0.5022283665070182,0.6673860272386924,0.8067014359483644,iris,A_TransformOnly,0.0015312910650490173,0.028840215568307806,0.053095687213886175
-0.15437237729473915,-0.10504564236194917,0.029326017301976186,0.020111783001380494,0.2,0.56,1.0,0.5555139810095117,0.6371515803358606,0.8223719946115214,iris,B_Phase7,0.0007419280854942019,0.028840215568307806,0.025725469482404735
0.08856582973625758,0.07293654177753518,0.029348359821117227,0.020358189561661088,0.1,0.72,1.0,0.5572827818986917,0.7438120344919309,0.8486239272692035,iris,C_Phase7_1_Full,0.0007124257404194759,0.028840215568307806,0.02470251093329726
-0.07701947179413342,-0.06438024555727107,0.029070142212895715,0.020572242507604616,0.2,0.64,1.0,0.5263088397576008,0.7182425417978039,0.8694766632346631,iris,D_SimOnly,0.0017315105960569294,0.028840215568307806,0.06003806011421181
0.1119808851424189,-0.053189728426809406,0.029131341783741348,0.01999271604381919,0.2,0.6,1.0,0.6561233477060974,0.7797825091599634,0.8938941680479857,iris,E_MicroCtxOnly,0.0008955947593029915,0.028840215568307806,0.03105367770746128
-0.1143812209842415,-0.16889405039065392,0.029579111610861915,0.02083706507048182,0.2,0.52,1.0,0.5841250868206953,0.7083908737048829,0.8707879588046742,iris,F_MicroCtxSim,0.0021775782569109776,0.028840215568307806,0.07550492303630316
0.05389275777031233,0.03274414756502726,0.04043611854933349,0.033713875597153733,0.3,0.6000000000000001,1.0,0.6245676581416604,0.715468858439039,0.8634976774019897,iris,Random,,0.028840215568307806,
,,0.02905751915905082,0.019925577924741936,0.2,0.76,1.0,0.5500000000000006,0.6905015570134467,0.8368360206919937,iris,GlobalMean,0.0,0.028840215568307806,0.0
-0.12673522802694753,-0.071567587841871,0.015372583144240951,0.0021570080686005417,0.1,0.16,0.12,0.993783393496037,0.9945935940714208,0.9949731437704953,titanic,A_TransformOnly,0.0006981541323795173,0.015290973113725067,0.0456579268789114
-0.012557009478432121,-0.0599387973026472,0.015340209500156205,0.001872394539859059,0.0,0.0,0.0,0.9915634517881093,0.9921859918650128,0.9922700901005816,titanic,B_Phase7,0.000503242281218895,0.015290973113725067,0.03291106965156307
-0.07396552880316903,0.23791672955311066,0.015308637879721854,0.002505218650145381,0.0,0.04,0.06,0.991363884769845,0.9934311723682299,0.9936438381274078,titanic,C_Phase7_1_Full,0.00024118174995189738,0.015290973113725067,0.01577281891364007
-0.13054713532948675,-0.08628454941344099,0.01675819632387482,0.00559375452549155,0.0,0.0,0.06,0.9903651877980331,0.991358452266337,0.992571325537998,titanic,D_SimOnly,0.0032754972900541253,0.015290973113725067,0.2142111731855608
0.1685690592114013,0.011530653840449812,0.015330985572170962,0.0020766846757822453,0.0,0.0,0.04,0.9905079052497798,0.9924532281156427,0.9933645415987155,titanic,E_MicroCtxOnly,0.0012811124491290968,0.015290973113725067,0.08378227072385584
-0.03113097277763932,0.025478765116154718,0.015756691493936076,0.004157531456437341,0.0,0.0,0.0,0.9387037774536532,0.962019079076761,0.9729414555644367,titanic,F_MicroCtxSim,0.0010405388996729721,0.015290973113725067,0.06804922694363662
-0.0020653036316473014,-0.003209356923695243,0.03275031127302395,0.025585076373302033,0.0,0.0,0.004,0.9915440887402627,0.9922717977908201,0.992974680316481,titanic,Random,,0.015290973113725067,
,,0.015292148391647057,0.0022445009866311335,0.0,0.12,0.16,0.9910050015952563,0.9918129370344632,0.9921914255990724,titanic,GlobalMean,0.0,0.015290973113725067,0.0
-0.4073826423859753,-0.43042588780530383,0.006942930234457622,0.0042788034325353915,0.0,0.0,0.0,0.3830389234223936,0.4091780562183501,0.447546269868512,credit_g,A_TransformOnly,0.0024795853653450705,0.005044802964266019,0.49151282664898266
-0.06579705397936889,-0.09573797351728973,0.0054147895313483635,0.003239531965172146,0.0,0.0,0.0,0.36680872434083905,0.3944612060463338,0.43408021831590293,credit_g,B_Phase7,0.0007262561076566607,0.005044802964266019,0.14396124341366903
-0.16002449533525334,-0.1460953183721334,0.0059991866280276205,0.003673459020342752,0.0,0.0,0.0,0.39936115276156103,0.418791729314457,0.45405806623693284,credit_g,C_Phase7_1_Full,0.001223321071962883,0.005044802964266019,0.24249134810330014
-0.09062236916907004,-0.05859760968039196,0.0061647665421605,0.003836453919782579,0.0,0.0,0.04,0.4130328310642244,0.41596960412963546,0.48836574278969724,credit_g,D_SimOnly,0.0013995169995337665,0.005044802964266019,0.2774175739210398
-0.14889451026832423,-0.09265558362239303,0.0058164607368529995,0.004007014296986255,0.0,0.0,0.02,0.45694836077133694,0.45316877427034374,0.4709329652773665,credit_g,E_MicroCtxOnly,0.002356319274621716,0.005044802964266019,0.467078554077377
-0.17032595448627685,-0.11070629739930367,0.0061736782620594325,0.0036919567954242357,0.0,0.0,0.0,0.4411001869449071,0.44370456578016554,0.47123795158848747,credit_g,F_MicroCtxSim,0.0020378756924807175,0.005044802964266019,0.4039554580251595
-0.007378952020168496,-0.009905425142832486,0.029227012077568826,0.025121414049082795,0.0,0.0,0.032,0.39296842478016053,0.4298885860923585,0.4779554159560021,credit_g,Random,,0.005044802964266019,
,,0.005325648234639285,0.0030807022620624983,0.0,0.04,0.06,0.4239136255785947,0.45284210745195,0.49530465514838445,credit_g,GlobalMean,0.0,0.005044802964266019,0.0
-0.18585869206248068,0.10440445425809763,0.016548614836503942,0.010439081111944911,0.2,0.52,1.0,0.2540371780306061,0.4057695544504875,0.6261655839119498,blood_transfusion,A_TransformOnly,0.0015408309270515926,0.013823450753817097,0.11146499918008207
0.1071196063361864,0.13426424694922123,0.01370730972283158,0.011256279892422361,0.2,0.6,1.0,0.2813568064377685,0.5340489520960864,0.6303094645745396,blood_transfusion,B_Phase7,0.0014181015910020868,0.013823450753817097,0.1025866562665561
-0.17426871093307156,-0.1089794781081411,0.014580041102199312,0.010897331766495497,0.1,0.64,1.0,0.04914319073614004,0.37480671992330594,0.5052761755289894,blood_transfusion,C_Phase7_1_Full,0.0015536143070594855,0.013823450753817097,0.11238975959154722
-0.15227912983029268,-0.06708714798107013,0.01685410165349849,0.010547474829793681,0.2,0.56,1.0,0.311090654576325,0.486725304590999,0.6649783182981407,blood_transfusion,D_SimOnly,0.0017326794972287033,0.013823450753817097,0.12534348535403952
0.06045146774856399,0.258069025507992,0.014302575819045482,0.009996571128742316,0.5,0.6,1.0,0.6197717327145159,0.6252743781582417,0.8028260708406119,blood_transfusion,E_MicroCtxOnly,0.00488788711082491,0.013823450753817097,0.35359384552526535
0.026042241296526703,0.16140205450647774,0.014835851359738335,0.010663751132773205,0.4,0.64,1.0,0.46661957764770895,0.5453923562505076,0.72655477653326,blood_transfusion,F_MicroCtxSim,0.0035635234391141824,0.013823450753817097,0.25778826881358774
-0.015144243131474167,-0.01713506037808235,0.033523038062219596,0.027986521888463817,0.22000000000000003,0.616,1.0,0.20476892291252682,0.40545649971121484,0.5656287503348797,blood_transfusion,Random,,0.013823450753817097,
,,0.016467745719806682,0.009852220782462033,0.3,0.64,1.0,0.2832277066457596,0.4534256168393419,0.6184337585646266,blood_transfusion,GlobalMean,0.0,0.013823450753817097,0.0
0.06402794775350275,0.06740480936309502,0.009375975154961478,0.0070224815612639924,0.0,0.04,0.06,0.4432926851187268,0.5064695732256876,0.5932281759056262,vehicle,A_TransformOnly,0.0019566142874649427,0.008294087638000783,0.23590470376325354
-0.13826955457775147,-0.11811822281020179,0.009360794660881983,0.006807165363155014,0.1,0.04,0.04,0.5641699670711887,0.5909432163312214,0.6393290903868261,vehicle,B_Phase7,0.0007656574151992306,0.008294087638000783,0.09231363936871445
-0.16007187339222098,-0.20010833836946856,0.008909280484312089,0.006658773461014892,0.1,0.08,0.06,0.6139198479604143,0.6565082085876661,0.6742624201530167,vehicle,C_Phase7_1_Full,0.0008685776299760622,0.008294087638000783,0.10472250448521939
-0.04248391380237087,0.0056749076436377124,0.008874343030024925,0.006808357643029942,0.0,0.04,0.06,0.5548534512271992,0.6044326499621065,0.6367572241253506,vehicle,D_SimOnly,0.0031973743658815267,0.008294087638000783,0.38550043175896864
0.03096961281701259,0.013388036723542232,0.010321804346228454,0.007848622237561264,0.0,0.08,0.04,0.5124535863977897,0.5872460846148104,0.6213717634190533,vehicle,E_MicroCtxOnly,0.0060439287361249115,0.008294087638000783,0.7287032642029141
0.02444383059197749,0.01983003251148961,0.010069107930606792,0.007742022916066366,0.0,0.12,0.1,0.5544461936821126,0.6291259856135905,0.662662325375641,vehicle,F_MicroCtxSim,0.0051785791781328635,0.008294087638000783,0.6243699612941086
-0.012956562582637485,-0.009497464063398887,0.02991310212412738,0.025530226259026678,0.0,0.024,0.076,0.5890728123022092,0.6251522126650343,0.6696221693169189,vehicle,Random,,0.008294087638000783,
,,0.008893014548998544,0.00647920293940171,0.0,0.04,0.1,0.5597663799340478,0.6037772890576152,0.6501770743417848,vehicle,GlobalMean,0.0,0.008294087638000783,0.0
0.0912404655580534,0.05662419466122597,0.0024899651739845683,0.002113209943959444,0.0,0.0,0.0,0.424700333928187,0.4846832073696271,0.552440569236593,spambase,A_TransformOnly,0.002015563411266034,0.0015165133946645956,1.329077222151892
0.013197055226032968,0.03830881565512064,0.0058770610441534,0.005225323330752987,0.0,0.0,0.08,0.4328479620516092,0.4825568059765321,0.5679628052979653,spambase,B_Phase7,0.002631222125470201,0.0015165133946645956,1.7350470711253403
0.06479757799500518,0.11887241489942126,0.004102541478462414,0.0035021954080362927,0.1,0.16,0.14,0.5916144176949073,0.6170535139279437,0.6511927704297608,spambase,C_Phase7_1_Full,0.0018525631734922147,0.0015165133946645956,1.2215936758543098
-0.02088226331963449,0.006012026609646187,0.0016882753440233744,0.0010207048246136153,0.0,0.12,0.18,0.4605835225289095,0.5155173348678734,0.5867902292393422,spambase,D_SimOnly,0.0006984488103425011,0.0015165133946645956,0.4605622425355586
0.058987328731715055,0.10670196802516392,0.010653177718712468,0.007495221391488313,0.0,0.0,0.14,0.48005457405276136,0.5208845073111842,0.6160690750294696,spambase,E_MicroCtxOnly,0.009207855482036773,0.0015165133946645956,6.071727100044196
0.037296819477078226,0.09665581272915176,0.008223244957801907,0.006029622177401513,0.1,0.24,0.26,0.5569234791770455,0.6149906629367016,0.6596454394263455,spambase,F_MicroCtxSim,0.005749143976506062,0.0015165133946645956,3.79102749302558
0.018398694891262134,0.02321023699844925,0.028642230405304493,0.024763294357150797,0.04,0.032,0.07200000000000001,0.44597430811106376,0.5015699583815453,0.5697714487002387,spambase,Random,,0.0015165133946645956,
,,0.0017402393875482751,0.001295060641082106,0.0,0.0,0.1,0.4277048004310032,0.48811201197533716,0.5563487111721458,spambase,GlobalMean,0.0,0.0015165133946645956,0.0
