comparison,metric,statistic,p_value,n_samples
F_MicroCtxSim vs Random,spearman,22.0,0.625,10
F_MicroCtxSim vs Random,ndcg_at_10,21.0,0.556640625,10
F_MicroCtxSim vs Random,precision_at_10,7.0,1.0,10
F_MicroCtxSim vs A_TransformOnly,spearman,17.0,0.322265625,10
F_MicroCtxSim vs A_TransformOnly,ndcg_at_10,8.0,0.048828125,10
F_MicroCtxSim vs A_TransformOnly,precision_at_10,4.0,1.0,10
F_MicroCtxSim vs B_Phase7,spearman,27.0,1.0,10
F_MicroCtxSim vs B_Phase7,ndcg_at_10,19.0,0.734375,10
F_MicroCtxSim vs B_Phase7,precision_at_10,6.5,1.0,10
F_MicroCtxSim vs C_Phase7_1_Full,spearman,18.0,0.375,10
F_MicroCtxSim vs C_Phase7_1_Full,ndcg_at_10,20.0,0.4921875,10
F_MicroCtxSim vs C_Phase7_1_Full,precision_at_10,4.5,1.0,10
F_MicroCtxSim vs D_SimOnly,spearman,24.0,0.76953125,10
F_MicroCtxSim vs D_SimOnly,ndcg_at_10,18.0,0.65234375,10
F_MicroCtxSim vs D_SimOnly,precision_at_10,0.0,0.5,10
F_MicroCtxSim vs E_MicroCtxOnly,spearman,10.0,0.083984375,10
F_MicroCtxSim vs E_MicroCtxOnly,ndcg_at_10,17.0,0.5703125,10
F_MicroCtxSim vs E_MicroCtxOnly,precision_at_10,2.5,1.0,10
