dataset,strategy,seed,budget_pct,budget_abs,best_cand_id,transformation,search_utility,indep_utility,test_utility
breast_cancer,Random,42,0.05,44,"MUL(mean concave points,concavity error)",MUL,0.0117647058823529,0.0,0.00877192982456143
breast_cancer,Random,42,0.1,88,"MUL(mean concave points,concavity error)",MUL,0.0117647058823529,0.0,0.00877192982456143
breast_cancer,Random,42,0.2,176,"MUL(mean concave points,concavity error)",MUL,0.0117647058823529,0.0,0.00877192982456143
breast_cancer,Adaptive,42,0.05,44,ABS(worst concavity),ABS,0.0117647058823529,0.0,-0.00877192982456132
breast_cancer,Adaptive,42,0.1,88,ABS(worst concavity),ABS,0.0117647058823529,0.0,-0.00877192982456132
breast_cancer,Adaptive,42,0.2,176,ABS(worst concavity),ABS,0.0117647058823529,0.0,-0.00877192982456132
breast_cancer,Random,7,0.05,44,"MUL(mean concave points,compactness error)",MUL,0.0117647058823529,0.011627906976744207,-0.00877192982456132
breast_cancer,Random,7,0.1,88,"MUL(mean concave points,compactness error)",MUL,0.0117647058823529,0.011627906976744207,-0.00877192982456132
breast_cancer,Random,7,0.2,176,"MUL(mean concave points,compactness error)",MUL,0.0117647058823529,0.011627906976744207,-0.00877192982456132
breast_cancer,Adaptive,7,0.05,44,"MUL(mean compactness,mean concave points)",MUL,0.0117647058823529,0.0,-0.00877192982456132
breast_cancer,Adaptive,7,0.1,88,"MUL(mean compactness,mean concave points)",MUL,0.0117647058823529,0.0,-0.00877192982456132
breast_cancer,Adaptive,7,0.2,176,"MUL(mean compactness,mean concave points)",MUL,0.0117647058823529,0.0,-0.00877192982456132
breast_cancer,Random,13,0.05,44,"SUB(mean concavity,symmetry error)",SUB,0.0,0.0,0.0
breast_cancer,Random,13,0.1,88,"SUB(mean concavity,symmetry error)",SUB,0.0,0.0,0.0
breast_cancer,Random,13,0.2,176,"DIV(mean texture,mean smoothness)",DIV,0.01176470588235301,0.0,0.0
breast_cancer,Adaptive,13,0.05,44,"SUB(mean texture,area error)",SUB,0.0,0.0,0.0
breast_cancer,Adaptive,13,0.1,88,"SUB(mean texture,area error)",SUB,0.0,0.0,0.0
breast_cancer,Adaptive,13,0.2,176,"DIV(mean perimeter,mean concave points)",DIV,0.01176470588235301,0.0,0.0
breast_cancer,Random,99,0.05,44,"SUB(mean texture,mean concave points)",SUB,0.0,0.0,0.0
breast_cancer,Random,99,0.1,88,"SUB(mean texture,mean concave points)",SUB,0.0,0.0,0.0
breast_cancer,Random,99,0.2,176,"SUB(mean texture,mean concave points)",SUB,0.0,0.0,0.0
breast_cancer,Adaptive,99,0.05,44,"ADD(concavity error,concave points error)",ADD,0.0,0.0,0.0
breast_cancer,Adaptive,99,0.1,88,"ADD(concavity error,concave points error)",ADD,0.0,0.0,0.0
breast_cancer,Adaptive,99,0.2,176,"ADD(concavity error,concave points error)",ADD,0.0,0.0,0.0
breast_cancer,Random,123,0.05,44,"SUB(area error,fractal dimension error)",SUB,0.0117647058823529,0.0,0.0
breast_cancer,Random,123,0.1,88,"SUB(area error,fractal dimension error)",SUB,0.0117647058823529,0.0,0.0
breast_cancer,Random,123,0.2,176,"SUB(area error,fractal dimension error)",SUB,0.0117647058823529,0.0,0.0
breast_cancer,Adaptive,123,0.05,44,"DIV(mean area,smoothness error)",DIV,0.0117647058823529,0.0,0.0
breast_cancer,Adaptive,123,0.1,88,"DIV(mean area,smoothness error)",DIV,0.0117647058823529,0.0,0.0
breast_cancer,Adaptive,123,0.2,176,"DIV(mean area,smoothness error)",DIV,0.0117647058823529,0.0,0.0
wine,Random,42,0.05,18,SQUARE(magnesium),SQUARE,0.0,0.0,0.0
wine,Random,42,0.1,36,SQUARE(magnesium),SQUARE,0.0,0.0,0.0
wine,Random,42,0.2,72,SQUARE(magnesium),SQUARE,0.0,0.0,0.0
wine,Adaptive,42,0.05,18,"MUL(nonflavanoid_phenols,color_intensity)",MUL,0.0,-0.03703703703703709,0.0
wine,Adaptive,42,0.1,36,"MUL(nonflavanoid_phenols,color_intensity)",MUL,0.0,-0.03703703703703709,0.0
wine,Adaptive,42,0.2,72,"MUL(nonflavanoid_phenols,color_intensity)",MUL,0.0,-0.03703703703703709,0.0
wine,Random,7,0.05,18,"MUL(magnesium,flavanoids)",MUL,0.0,0.0,0.0
wine,Random,7,0.1,36,"MUL(magnesium,flavanoids)",MUL,0.0,0.0,0.0
wine,Random,7,0.2,72,"MUL(magnesium,flavanoids)",MUL,0.0,0.0,0.0
wine,Adaptive,7,0.05,18,"MUL(alcohol,flavanoids)",MUL,0.0,0.0,0.0
wine,Adaptive,7,0.1,36,"MUL(alcohol,flavanoids)",MUL,0.0,0.0,0.0
wine,Adaptive,7,0.2,72,"MUL(alcohol,flavanoids)",MUL,0.0,0.0,0.0
wine,Random,13,0.05,18,"SUB(ash,nonflavanoid_phenols)",SUB,0.0,0.0,0.0
wine,Random,13,0.1,36,"SUB(ash,nonflavanoid_phenols)",SUB,0.0,0.0,0.0
wine,Random,13,0.2,72,"SUB(ash,nonflavanoid_phenols)",SUB,0.0,0.0,0.0
wine,Adaptive,13,0.05,18,"ADD(magnesium,hue)",ADD,0.0,0.0,0.0
wine,Adaptive,13,0.1,36,"ADD(magnesium,hue)",ADD,0.0,0.0,0.0
wine,Adaptive,13,0.2,72,"ADD(magnesium,hue)",ADD,0.0,0.0,0.0
wine,Random,99,0.05,18,"SUB(malic_acid,proanthocyanins)",SUB,0.0,0.0,0.0
wine,Random,99,0.1,36,"SUB(malic_acid,proanthocyanins)",SUB,0.0,0.0,0.0
wine,Random,99,0.2,72,"SUB(malic_acid,proanthocyanins)",SUB,0.0,0.0,0.0
wine,Adaptive,99,0.05,18,"MUL(malic_acid,od280/od315_of_diluted_wines)",MUL,0.0,0.0,0.0
wine,Adaptive,99,0.1,36,"MUL(malic_acid,od280/od315_of_diluted_wines)",MUL,0.0,0.0,0.0
wine,Adaptive,99,0.2,72,"MUL(malic_acid,od280/od315_of_diluted_wines)",MUL,0.0,0.0,0.0
wine,Random,123,0.05,18,"ADD(malic_acid,color_intensity)",ADD,0.03703703703703709,0.0,-0.02777777777777779
wine,Random,123,0.1,36,"ADD(malic_acid,color_intensity)",ADD,0.03703703703703709,0.0,-0.02777777777777779
wine,Random,123,0.2,72,"ADD(malic_acid,color_intensity)",ADD,0.03703703703703709,0.0,-0.02777777777777779
wine,Adaptive,123,0.05,18,"MUL(alcohol,malic_acid)",MUL,0.0,0.0,0.0
wine,Adaptive,123,0.1,36,"MUL(alcohol,malic_acid)",MUL,0.0,0.0,0.0
wine,Adaptive,123,0.2,72,"ADD(malic_acid,color_intensity)",ADD,0.03703703703703709,0.0,-0.02777777777777779
diabetes,Random,42,0.05,11,"SUB(sex,s1)",SUB,0.013410963178872803,0.0127031016852025,0.0030962767015529913
diabetes,Random,42,0.1,22,"SUB(bmi,s1)",SUB,0.016671012959989406,0.014587404923727898,0.0027788533087931278
diabetes,Random,42,0.2,44,"DIV(sex,bmi)",DIV,0.061930891045312686,0.007849930165544028,0.008834117368406225
diabetes,Adaptive,42,0.05,11,SQUARE(s1),SQUARE,0.011647787127906595,0.00024446834097890946,0.0002469336849775239
diabetes,Adaptive,42,0.1,22,"DIV(s1,s6)",DIV,0.013641026178536686,0.0031775912533877904,0.004227764773274689
diabetes,Adaptive,42,0.2,44,"SUB(s1,s5)",SUB,0.018478170911178537,0.017867831762949593,0.0038865035149330263
diabetes,Random,7,0.05,11,"MUL(s1,s5)",MUL,0.029982285253491003,-0.02096904489570095,0.018525233744385305
diabetes,Random,7,0.1,22,"ADD(bmi,s6)",ADD,0.048383093383497555,0.03190657714835965,0.020581190396924853
diabetes,Random,7,0.2,44,"ADD(bmi,s6)",ADD,0.048383093383497555,0.03190657714835965,0.020581190396924853
diabetes,Adaptive,7,0.05,11,"SUB(sex,bp)",SUB,0.04084022062048587,-0.03582027568375634,-0.00914878329185631
diabetes,Adaptive,7,0.1,22,"SUB(sex,bmi)",SUB,0.043276455261480495,-0.003140530619410553,-0.02882000279415653
diabetes,Adaptive,7,0.2,44,"SUB(sex,bmi)",SUB,0.043276455261480495,-0.003140530619410553,-0.02882000279415653
diabetes,Random,13,0.05,11,"SUB(bp,s3)",SUB,0.048783931037007955,0.019305872696667725,0.025729139815007906
diabetes,Random,13,0.1,22,"ADD(bmi,bp)",ADD,0.0509125225108894,0.03736859852378194,0.03780943269257997
diabetes,Random,13,0.2,44,"ADD(bmi,bp)",ADD,0.0509125225108894,0.03736859852378194,0.03780943269257997
diabetes,Adaptive,13,0.05,11,"DIV(s2,s6)",DIV,0.03210790234958971,-0.027010993294205754,-0.010265746720933833
diabetes,Adaptive,13,0.1,22,"DIV(s4,s6)",DIV,0.04662861751480696,0.011115173181292404,0.012497377117716924
diabetes,Adaptive,13,0.2,44,"DIV(s4,s6)",DIV,0.04662861751480696,0.011115173181292404,0.012497377117716924
diabetes,Random,99,0.05,11,"MUL(bmi,s4)",MUL,0.019870585310510114,0.0031572299880162635,-0.015073763818209795
diabetes,Random,99,0.1,22,"MUL(bmi,s4)",MUL,0.019870585310510114,0.0031572299880162635,-0.015073763818209795
diabetes,Random,99,0.2,44,"SUB(s2,s6)",SUB,0.024973618777507478,0.026756906296586558,-0.003715250157574901
diabetes,Adaptive,99,0.05,11,"ADD(age,s3)",ADD,0.004163757108384458,0.004195292273107443,-0.00048466515092049356
diabetes,Adaptive,99,0.1,22,"ADD(age,bp)",ADD,0.027501181822874976,0.027698396393967317,-0.0045985730190698515
diabetes,Adaptive,99,0.2,44,"ADD(age,bp)",ADD,0.027501181822874976,0.027698396393967317,-0.0045985730190698515
diabetes,Random,123,0.05,11,"SUB(age,s2)",SUB,0.01715581890681539,-0.0008827206813641908,0.010446152245530249
diabetes,Random,123,0.1,22,"SUB(bp,s5)",SUB,0.031769744240015885,-0.006294615868327802,-0.018732448203262808
diabetes,Random,123,0.2,44,"SUB(bp,s5)",SUB,0.031769744240015885,-0.006294615868327802,-0.018732448203262808
diabetes,Adaptive,123,0.05,11,"ADD(bp,s6)",ADD,0.01907102373286007,-0.03204262553246551,-0.025972203751286504
diabetes,Adaptive,123,0.1,22,"MUL(bp,s6)",MUL,0.019738315474430723,-0.04769955540585136,-0.01020792351241162
diabetes,Adaptive,123,0.2,44,"MUL(bp,s6)",MUL,0.019738315474430723,-0.04769955540585136,-0.01020792351241162
california_housing,Random,42,0.05,7,"ADD(AveOccup,Latitude)",ADD,0.006219319163341841,0.007201725232286016,0.000663227641790054
california_housing,Random,42,0.1,14,"ADD(AveOccup,Latitude)",ADD,0.006219319163341841,0.007201725232286016,0.000663227641790054
california_housing,Random,42,0.2,28,"MUL(Latitude,Longitude)",MUL,0.0070300063711541405,0.002934265368688793,0.005017361363156225
california_housing,Adaptive,42,0.05,7,"ADD(AveOccup,Latitude)",ADD,0.006219319163341841,0.007201725232286016,0.000663227641790054
california_housing,Adaptive,42,0.1,14,"ADD(AveOccup,Latitude)",ADD,0.006219319163341841,0.007201725232286016,0.000663227641790054
california_housing,Adaptive,42,0.2,28,"ADD(AveOccup,Latitude)",ADD,0.006219319163341841,0.007201725232286016,0.000663227641790054
california_housing,Random,7,0.05,7,"SUB(HouseAge,AveOccup)",SUB,-0.0005691553943968364,0.004298897142423375,-0.004043965711995945
california_housing,Random,7,0.1,14,SQUARE(Latitude),SQUARE,0.004990709695923745,0.008477754259601733,0.005792671890030077
california_housing,Random,7,0.2,28,SQUARE(Latitude),SQUARE,0.004990709695923745,0.008477754259601733,0.005792671890030077
california_housing,Adaptive,7,0.05,7,ABS(Longitude),ABS,0.0015811740566381571,0.015643891008232824,-0.0002789874847654028
california_housing,Adaptive,7,0.1,14,"ADD(Latitude,Longitude)",ADD,0.03526840404631415,0.03537173728829157,0.014867774807723277
california_housing,Adaptive,7,0.2,28,"ADD(Latitude,Longitude)",ADD,0.03526840404631415,0.03537173728829157,0.014867774807723277
california_housing,Random,13,0.05,7,"SUB(AveRooms,AveBedrms)",SUB,0.0019717049812276732,-0.005063694887085135,-0.002488617846651775
california_housing,Random,13,0.1,14,"SUB(AveRooms,AveBedrms)",SUB,0.0019717049812276732,-0.005063694887085135,-0.002488617846651775
california_housing,Random,13,0.2,28,"MUL(Latitude,Longitude)",MUL,0.005904752604299346,0.0017609231637722988,0.005509346118403369
california_housing,Adaptive,13,0.05,7,"SUB(Population,Longitude)",SUB,0.0020632022444120324,0.0013078774090967693,-0.0014516913520035146
california_housing,Adaptive,13,0.1,14,"DIV(Latitude,Longitude)",DIV,0.005510960654275143,0.011350087695346067,0.014286462128691446
california_housing,Adaptive,13,0.2,28,"ADD(Latitude,Longitude)",ADD,0.03479026135696739,0.01670096225543194,0.03553443447158944
california_housing,Random,99,0.05,7,"ADD(Latitude,Longitude)",ADD,0.03069423390516257,0.004787240602880827,0.046780744328017376
california_housing,Random,99,0.1,14,"ADD(Latitude,Longitude)",ADD,0.03069423390516257,0.004787240602880827,0.046780744328017376
california_housing,Random,99,0.2,28,"ADD(Latitude,Longitude)",ADD,0.03069423390516257,0.004787240602880827,0.046780744328017376
california_housing,Adaptive,99,0.05,7,"MUL(Population,Latitude)",MUL,0.008597837681906473,-0.0017453109587128868,-0.002525533912332234
california_housing,Adaptive,99,0.1,14,"ADD(Latitude,Longitude)",ADD,0.03069423390516257,0.004787240602880827,0.046780744328017376
california_housing,Adaptive,99,0.2,28,"ADD(Latitude,Longitude)",ADD,0.03069423390516257,0.004787240602880827,0.046780744328017376
california_housing,Random,123,0.05,7,"MUL(MedInc,Population)",MUL,0.0006335484279275105,0.00023181991314624728,-0.003679635129193115
california_housing,Random,123,0.1,14,SQUARE(Longitude),SQUARE,0.005833582548486205,0.00481266733365926,0.010371052631615862
california_housing,Random,123,0.2,28,SQUARE(Longitude),SQUARE,0.005833582548486205,0.00481266733365926,0.010371052631615862
california_housing,Adaptive,123,0.05,7,SQRT(Latitude),SQRT,0.0030018515937948465,0.0022281513034675404,0.0001362176851846808
california_housing,Adaptive,123,0.1,14,"ADD(Latitude,Longitude)",ADD,0.02986419189006473,0.04366504709662178,0.031793335971734615
california_housing,Adaptive,123,0.2,28,"ADD(Latitude,Longitude)",ADD,0.02986419189006473,0.04366504709662178,0.031793335971734615
iris,Random,42,0.05,5,SQRT(sepal length (cm)),SQRT,0.0,0.0,0.0
iris,Random,42,0.1,5,SQRT(sepal length (cm)),SQRT,0.0,0.0,0.0
iris,Random,42,0.2,8,SQRT(sepal length (cm)),SQRT,0.0,0.0,0.0
iris,Adaptive,42,0.05,5,"MUL(petal length (cm),petal width (cm))",MUL,0.0,0.0,0.0
iris,Adaptive,42,0.1,5,"MUL(petal length (cm),petal width (cm))",MUL,0.0,0.0,0.0
iris,Adaptive,42,0.2,8,"MUL(petal length (cm),petal width (cm))",MUL,0.0,0.0,0.0
iris,Random,7,0.05,5,"MUL(sepal length (cm),sepal width (cm))",MUL,0.0,-0.04347826086956519,0.0
iris,Random,7,0.1,5,"MUL(sepal length (cm),sepal width (cm))",MUL,0.0,-0.04347826086956519,0.0
iris,Random,7,0.2,8,"MUL(sepal length (cm),sepal width (cm))",MUL,0.0,-0.04347826086956519,0.0
iris,Adaptive,7,0.05,5,"ADD(sepal length (cm),petal length (cm))",ADD,0.0,0.0,0.06666666666666665
iris,Adaptive,7,0.1,5,"ADD(sepal length (cm),petal length (cm))",ADD,0.0,0.0,0.06666666666666665
iris,Adaptive,7,0.2,8,"ADD(sepal length (cm),petal length (cm))",ADD,0.0,0.0,0.06666666666666665
iris,Random,13,0.05,5,"SUB(sepal length (cm),sepal width (cm))",SUB,0.0,0.0,0.0
iris,Random,13,0.1,5,"SUB(sepal length (cm),sepal width (cm))",SUB,0.0,0.0,0.0
iris,Random,13,0.2,8,"SUB(sepal length (cm),sepal width (cm))",SUB,0.0,0.0,0.0
iris,Adaptive,13,0.05,5,"MUL(sepal length (cm),petal width (cm))",MUL,0.0,0.0,0.0
iris,Adaptive,13,0.1,5,"MUL(sepal length (cm),petal width (cm))",MUL,0.0,0.0,0.0
iris,Adaptive,13,0.2,8,"MUL(sepal length (cm),petal width (cm))",MUL,0.0,0.0,0.0
iris,Random,99,0.05,5,"SUB(petal length (cm),petal width (cm))",SUB,0.0,0.0,0.0
iris,Random,99,0.1,5,"SUB(petal length (cm),petal width (cm))",SUB,0.0,0.0,0.0
iris,Random,99,0.2,8,"SUB(petal length (cm),petal width (cm))",SUB,0.0,0.0,0.0
iris,Adaptive,99,0.05,5,"DIV(sepal width (cm),petal length (cm))",DIV,0.0,0.0,0.0
iris,Adaptive,99,0.1,5,"DIV(sepal width (cm),petal length (cm))",DIV,0.0,0.0,0.0
iris,Adaptive,99,0.2,8,"DIV(sepal width (cm),petal length (cm))",DIV,0.0,0.0,0.0
iris,Random,123,0.05,5,ABS(sepal length (cm)),ABS,0.045454545454545525,0.0,0.0
iris,Random,123,0.1,5,ABS(sepal length (cm)),ABS,0.045454545454545525,0.0,0.0
iris,Random,123,0.2,8,ABS(sepal length (cm)),ABS,0.045454545454545525,0.0,0.0
iris,Adaptive,123,0.05,5,"SUB(petal length (cm),petal width (cm))",SUB,0.0,0.0,0.0
iris,Adaptive,123,0.1,5,"SUB(petal length (cm),petal width (cm))",SUB,0.0,0.0,0.0
iris,Adaptive,123,0.2,8,SQRT(sepal length (cm)),SQRT,0.045454545454545525,0.0,-0.033333333333333326
titanic,Random,42,0.05,453,"MUL(age,fare)",MUL,0.005102040816326481,0.0,0.0
titanic,Random,42,0.1,907,"MUL(age,fare)",MUL,0.005102040816326481,0.0,0.0
titanic,Random,42,0.2,1814,"MUL(age,fare)",MUL,0.005102040816326481,0.0,0.0
titanic,Adaptive,42,0.05,453,LOG(pclass),LOG,0.005102040816326481,-0.010152284263959421,0.003816793893129833
titanic,Adaptive,42,0.1,907,LOG(pclass),LOG,0.005102040816326481,-0.010152284263959421,0.003816793893129833
titanic,Adaptive,42,0.2,1814,LOG(pclass),LOG,0.005102040816326481,-0.010152284263959421,0.003816793893129833
titanic,Random,7,0.05,453,"SQRT(name_Lefebre, Master. Henry Forbes)",SQRT,0.0,0.0,0.0
titanic,Random,7,0.1,907,"SQRT(name_Lefebre, Master. Henry Forbes)",SQRT,0.0,0.0,0.0
titanic,Random,7,0.2,1814,"SQRT(name_Lefebre, Master. Henry Forbes)",SQRT,0.0,0.0,0.0
titanic,Adaptive,7,0.05,453,SQUARE(pclass),SQUARE,0.005102040816326592,0.005076142131979711,0.0
titanic,Adaptive,7,0.1,907,SQUARE(pclass),SQUARE,0.005102040816326592,0.005076142131979711,0.0
titanic,Adaptive,7,0.2,1814,SQUARE(pclass),SQUARE,0.005102040816326592,0.005076142131979711,0.0
titanic,Random,13,0.05,453,"SQUARE(name_Collyer, Mr. Harvey)",SQUARE,0.0,0.0,0.0
titanic,Random,13,0.1,907,"SQUARE(name_Collyer, Mr. Harvey)",SQUARE,0.0,0.0,0.0
titanic,Random,13,0.2,1814,"SQUARE(name_Collyer, Mr. Harvey)",SQUARE,0.0,0.0,0.0
titanic,Adaptive,13,0.05,453,LOG(pclass),LOG,0.005102040816326481,0.0,0.007633587786259555
titanic,Adaptive,13,0.1,907,LOG(pclass),LOG,0.005102040816326481,0.0,0.007633587786259555
titanic,Adaptive,13,0.2,1814,LOG(pclass),LOG,0.005102040816326481,0.0,0.007633587786259555
titanic,Random,99,0.05,453,ABS(ticket_C.A. 33112),ABS,0.005102040816326592,0.0,0.0
titanic,Random,99,0.1,907,ABS(ticket_C.A. 33112),ABS,0.005102040816326592,0.0,0.0
titanic,Random,99,0.2,1814,ABS(ticket_C.A. 33112),ABS,0.005102040816326592,0.0,0.0
titanic,Adaptive,99,0.05,453,"DIV(sibsp,parch)",DIV,0.015306122448979664,-0.005076142131979711,0.007633587786259555
titanic,Adaptive,99,0.1,907,"DIV(sibsp,parch)",DIV,0.015306122448979664,-0.005076142131979711,0.007633587786259555
titanic,Adaptive,99,0.2,1814,"DIV(sibsp,parch)",DIV,0.015306122448979664,-0.005076142131979711,0.007633587786259555
titanic,Random,123,0.05,453,"SQRT(name_Daly, Miss. Margaret Marcella 'Maggie')",SQRT,0.0,0.0,0.0
titanic,Random,123,0.1,907,"SQRT(name_Daly, Miss. Margaret Marcella 'Maggie')",SQRT,0.0,0.0,0.0
titanic,Random,123,0.2,1814,"SQRT(name_Daly, Miss. Margaret Marcella 'Maggie')",SQRT,0.0,0.0,0.0
titanic,Adaptive,123,0.05,453,"ABS(name_Mamee, Mr. Hanna)",ABS,0.0,0.0,0.0
titanic,Adaptive,123,0.1,907,"ABS(name_Mamee, Mr. Hanna)",ABS,0.0,0.0,0.0
titanic,Adaptive,123,0.2,1814,"ABS(name_Mamee, Mr. Hanna)",ABS,0.0,0.0,0.0
credit_g,Random,42,0.05,50,"DIV(credit_history_existing paid,purpose_furniture/equipment)",DIV,0.020000000000000018,-0.020000000000000018,-0.0050000000000000044
credit_g,Random,42,0.1,100,SQUARE(residence_since),SQUARE,0.033333333333333326,-0.013333333333333308,-0.015000000000000013
credit_g,Random,42,0.2,200,SQUARE(residence_since),SQUARE,0.033333333333333326,-0.013333333333333308,-0.015000000000000013
credit_g,Adaptive,42,0.05,50,"DIV(num_dependents,purpose_domestic appliance)",DIV,0.026666666666666727,-0.026666666666666727,-0.010000000000000009
credit_g,Adaptive,42,0.1,100,"DIV(num_dependents,purpose_domestic appliance)",DIV,0.026666666666666727,-0.026666666666666727,-0.010000000000000009
credit_g,Adaptive,42,0.2,200,"DIV(checking_status_no checking,purpose_business)",DIV,0.033333333333333326,-0.026666666666666727,0.010000000000000009
credit_g,Random,7,0.05,50,"MUL(residence_since,credit_history_no credits/all paid)",MUL,0.013333333333333308,-0.020000000000000018,0.0
credit_g,Random,7,0.1,100,"MUL(residence_since,credit_history_no credits/all paid)",MUL,0.013333333333333308,-0.020000000000000018,0.0
credit_g,Random,7,0.2,200,"MUL(residence_since,credit_history_no credits/all paid)",MUL,0.013333333333333308,-0.020000000000000018,0.0
credit_g,Adaptive,7,0.05,50,"MUL(checking_status_0<=X<200,purpose_business)",MUL,0.006666666666666599,-0.00666666666666671,-0.0050000000000000044
credit_g,Adaptive,7,0.1,100,"MUL(checking_status_0<=X<200,purpose_business)",MUL,0.006666666666666599,-0.00666666666666671,-0.0050000000000000044
credit_g,Adaptive,7,0.2,200,"MUL(checking_status_0<=X<200,purpose_business)",MUL,0.006666666666666599,-0.00666666666666671,-0.0050000000000000044
credit_g,Random,13,0.05,50,"MUL(installment_commitment,purpose_education)",MUL,0.019999999999999907,0.013333333333333308,0.0050000000000000044
credit_g,Random,13,0.1,100,"MUL(installment_commitment,purpose_education)",MUL,0.019999999999999907,0.013333333333333308,0.0050000000000000044
credit_g,Random,13,0.2,200,"MUL(installment_commitment,purpose_education)",MUL,0.019999999999999907,0.013333333333333308,0.0050000000000000044
credit_g,Adaptive,13,0.05,50,SQUARE(existing_credits),SQUARE,0.013333333333333308,-0.006666666666666599,0.0
credit_g,Adaptive,13,0.1,100,SQUARE(existing_credits),SQUARE,0.013333333333333308,-0.006666666666666599,0.0
credit_g,Adaptive,13,0.2,200,"MUL(existing_credits,credit_history_critical/other existing credit)",MUL,0.019999999999999907,0.00666666666666671,0.0
credit_g,Random,99,0.05,50,"DIV(credit_amount,checking_status_0<=X<200)",DIV,0.020000000000000018,0.0,0.0050000000000000044
credit_g,Random,99,0.1,100,"DIV(credit_amount,checking_status_0<=X<200)",DIV,0.020000000000000018,0.0,0.0050000000000000044
credit_g,Random,99,0.2,200,"DIV(num_dependents,credit_history_delayed previously)",DIV,0.033333333333333326,0.013333333333333308,0.0
credit_g,Adaptive,99,0.05,50,"DIV(age,checking_status_<0)",DIV,0.026666666666666616,0.0,0.015000000000000013
credit_g,Adaptive,99,0.1,100,"DIV(checking_status_<0,credit_history_existing paid)",DIV,0.039999999999999925,0.006666666666666599,0.0
credit_g,Adaptive,99,0.2,200,"DIV(checking_status_<0,credit_history_existing paid)",DIV,0.039999999999999925,0.006666666666666599,0.0
credit_g,Random,123,0.05,50,"DIV(num_dependents,credit_history_critical/other existing credit)",DIV,0.01333333333333342,0.0,0.0
credit_g,Random,123,0.1,100,"MUL(residence_since,checking_status_0<=X<200)",MUL,0.020000000000000018,0.006666666666666599,-0.010000000000000009
credit_g,Random,123,0.2,200,SQUARE(duration),SQUARE,0.040000000000000036,0.006666666666666599,0.0
credit_g,Adaptive,123,0.05,50,"DIV(credit_amount,checking_status_<0)",DIV,0.020000000000000018,0.013333333333333308,-0.030000000000000027
credit_g,Adaptive,123,0.1,100,"DIV(num_dependents,credit_history_existing paid)",DIV,0.033333333333333326,0.006666666666666599,-0.0050000000000000044
credit_g,Adaptive,123,0.2,200,"MUL(duration,credit_amount)",MUL,0.040000000000000036,0.026666666666666616,-0.015000000000000013
blood_transfusion,Random,42,0.05,5,LOG(V2),LOG,0.0267857142857143,0.017699115044247815,0.01333333333333342
blood_transfusion,Random,42,0.1,5,LOG(V2),LOG,0.0267857142857143,0.017699115044247815,0.01333333333333342
blood_transfusion,Random,42,0.2,8,LOG(V2),LOG,0.0267857142857143,0.017699115044247815,0.01333333333333342
blood_transfusion,Adaptive,42,0.05,5,SQRT(V2),SQRT,0.017857142857142905,0.008849557522123908,0.0
blood_transfusion,Adaptive,42,0.1,5,SQRT(V2),SQRT,0.017857142857142905,0.008849557522123908,0.0
blood_transfusion,Adaptive,42,0.2,8,ABS(V3),ABS,0.0625,0.017699115044247815,0.01333333333333342
blood_transfusion,Random,7,0.05,5,"MUL(V2,V3)",MUL,0.0357142857142857,0.026548672566371723,-0.00666666666666671
blood_transfusion,Random,7,0.1,5,"MUL(V2,V3)",MUL,0.0357142857142857,0.026548672566371723,-0.00666666666666671
blood_transfusion,Random,7,0.2,8,"MUL(V2,V3)",MUL,0.0357142857142857,0.026548672566371723,-0.00666666666666671
blood_transfusion,Adaptive,7,0.05,5,SQUARE(V3),SQUARE,0.0357142857142857,0.026548672566371723,-0.00666666666666671
blood_transfusion,Adaptive,7,0.1,5,SQUARE(V3),SQUARE,0.0357142857142857,0.026548672566371723,-0.00666666666666671
blood_transfusion,Adaptive,7,0.2,8,SQUARE(V3),SQUARE,0.0357142857142857,0.026548672566371723,-0.00666666666666671
blood_transfusion,Random,13,0.05,5,ABS(V3),ABS,0.017857142857142794,0.0,0.040000000000000036
blood_transfusion,Random,13,0.1,5,ABS(V3),ABS,0.017857142857142794,0.0,0.040000000000000036
blood_transfusion,Random,13,0.2,8,ABS(V3),ABS,0.017857142857142794,0.0,0.040000000000000036
blood_transfusion,Adaptive,13,0.05,5,ABS(V1),ABS,0.0,-0.008849557522123908,-0.006666666666666599
blood_transfusion,Adaptive,13,0.1,5,ABS(V1),ABS,0.0,-0.008849557522123908,-0.006666666666666599
blood_transfusion,Adaptive,13,0.2,8,ABS(V3),ABS,0.017857142857142794,0.0,0.040000000000000036
blood_transfusion,Random,99,0.05,5,LOG(V3),LOG,0.0267857142857143,0.008849557522123908,0.0
blood_transfusion,Random,99,0.1,5,LOG(V3),LOG,0.0267857142857143,0.008849557522123908,0.0
blood_transfusion,Random,99,0.2,8,LOG(V3),LOG,0.0267857142857143,0.008849557522123908,0.0
blood_transfusion,Adaptive,99,0.05,5,"MUL(V2,V3)",MUL,0.0357142857142857,0.02654867256637161,-0.01333333333333342
blood_transfusion,Adaptive,99,0.1,5,"MUL(V2,V3)",MUL,0.0357142857142857,0.02654867256637161,-0.01333333333333342
blood_transfusion,Adaptive,99,0.2,8,"MUL(V2,V3)",MUL,0.0357142857142857,0.02654867256637161,-0.01333333333333342
blood_transfusion,Random,123,0.05,5,ABS(V3),ABS,0.0535714285714286,0.017699115044247704,0.006666666666666599
blood_transfusion,Random,123,0.1,5,ABS(V3),ABS,0.0535714285714286,0.017699115044247704,0.006666666666666599
blood_transfusion,Random,123,0.2,8,ABS(V3),ABS,0.0535714285714286,0.017699115044247704,0.006666666666666599
blood_transfusion,Adaptive,123,0.05,5,SQUARE(V2),SQUARE,0.044642857142857206,0.0,0.020000000000000018
blood_transfusion,Adaptive,123,0.1,5,SQUARE(V2),SQUARE,0.044642857142857206,0.0,0.020000000000000018
blood_transfusion,Adaptive,123,0.2,8,ABS(V3),ABS,0.0535714285714286,0.017699115044247704,0.006666666666666599
vehicle,Random,42,0.05,34,SQUARE(SCALED_VARIANCE_MINOR),SQUARE,0.023622047244094446,-0.007874015748031482,-0.00588235294117645
vehicle,Random,42,0.1,68,SQUARE(SCALED_VARIANCE_MINOR),SQUARE,0.023622047244094446,-0.007874015748031482,-0.00588235294117645
vehicle,Random,42,0.2,136,"MUL(SCALED_VARIANCE_MINOR,SKEWNESS_ABOUT_MAJOR)",MUL,0.03937007874015752,0.03149606299212604,0.02352941176470591
vehicle,Adaptive,42,0.05,34,"MUL(SCATTER_RATIO,SKEWNESS_ABOUT_MAJOR)",MUL,0.047244094488189003,0.023622047244094446,0.02941176470588236
vehicle,Adaptive,42,0.1,68,"MUL(SCATTER_RATIO,SKEWNESS_ABOUT_MAJOR)",MUL,0.047244094488189003,0.023622047244094446,0.02941176470588236
vehicle,Adaptive,42,0.2,136,"MUL(SCATTER_RATIO,SKEWNESS_ABOUT_MAJOR)",MUL,0.047244094488189003,0.023622047244094446,0.02941176470588236
vehicle,Random,7,0.05,34,"MUL(ELONGATEDNESS,SKEWNESS_ABOUT_MAJOR)",MUL,0.03149606299212604,0.023622047244094446,0.0
vehicle,Random,7,0.1,68,"MUL(ELONGATEDNESS,SKEWNESS_ABOUT_MAJOR)",MUL,0.03149606299212604,0.023622047244094446,0.0
vehicle,Random,7,0.2,136,"MUL(ELONGATEDNESS,SKEWNESS_ABOUT_MAJOR)",MUL,0.03149606299212604,0.023622047244094446,0.0
vehicle,Adaptive,7,0.05,34,SQRT(PR.AXIS_ASPECT_RATIO),SQRT,0.023622047244094557,0.007874015748031482,0.00588235294117645
vehicle,Adaptive,7,0.1,68,SQRT(PR.AXIS_ASPECT_RATIO),SQRT,0.023622047244094557,0.007874015748031482,0.00588235294117645
vehicle,Adaptive,7,0.2,136,SQRT(PR.AXIS_ASPECT_RATIO),SQRT,0.023622047244094557,0.007874015748031482,0.00588235294117645
vehicle,Random,13,0.05,34,"MUL(CIRCULARITY,PR.AXIS_ASPECT_RATIO)",MUL,0.03149606299212593,0.0,-0.0117647058823529
vehicle,Random,13,0.1,68,"MUL(CIRCULARITY,PR.AXIS_ASPECT_RATIO)",MUL,0.03149606299212593,0.0,-0.0117647058823529
vehicle,Random,13,0.2,136,"MUL(CIRCULARITY,PR.AXIS_ASPECT_RATIO)",MUL,0.03149606299212593,0.0,-0.0117647058823529
vehicle,Adaptive,13,0.05,34,"DIV(DISTANCE_CIRCULARITY,SKEWNESS_ABOUT_MINOR)",DIV,0.023622047244094446,-0.03149606299212604,0.0
vehicle,Adaptive,13,0.1,68,"MUL(CIRCULARITY,MAX.LENGTH_ASPECT_RATIO)",MUL,0.03149606299212593,-0.007874015748031482,0.0117647058823529
vehicle,Adaptive,13,0.2,136,"MUL(PR.AXIS_ASPECT_RATIO,MAX.LENGTH_RECTANGULARITY)",MUL,0.055118110236220486,0.007874015748031482,-0.0117647058823529
vehicle,Random,99,0.05,34,"SUB(SCALED_RADIUS_OF_GYRATION,SKEWNESS_ABOUT_MAJOR)",SUB,0.007874015748031482,-0.007874015748031482,0.00588235294117645
vehicle,Random,99,0.1,68,"SUB(SCALED_RADIUS_OF_GYRATION,SKEWNESS_ABOUT_MAJOR)",SUB,0.007874015748031482,-0.007874015748031482,0.00588235294117645
vehicle,Random,99,0.2,136,"MUL(ELONGATEDNESS,KURTOSIS_ABOUT_MINOR)",MUL,0.015748031496063075,-0.015748031496062964,-0.00588235294117645
vehicle,Adaptive,99,0.05,34,ABS(PR.AXIS_RECTANGULARITY),ABS,0.0,0.0,-0.00588235294117645
vehicle,Adaptive,99,0.1,68,"MUL(SKEWNESS_ABOUT_MAJOR,SKEWNESS_ABOUT_MINOR)",MUL,0.023622047244094557,0.0,-0.00588235294117645
vehicle,Adaptive,99,0.2,136,"MUL(SKEWNESS_ABOUT_MAJOR,SKEWNESS_ABOUT_MINOR)",MUL,0.023622047244094557,0.0,-0.00588235294117645
vehicle,Random,123,0.05,34,"MUL(SCALED_VARIANCE_MAJOR,HOLLOWS_RATIO)",MUL,0.015748031496062964,0.0,0.02941176470588236
vehicle,Random,123,0.1,68,ABS(HOLLOWS_RATIO),ABS,0.03937007874015741,0.0,0.005882352941176561
vehicle,Random,123,0.2,136,ABS(HOLLOWS_RATIO),ABS,0.03937007874015741,0.0,0.005882352941176561
vehicle,Adaptive,123,0.05,34,"ADD(CIRCULARITY,PR.AXIS_ASPECT_RATIO)",ADD,0.015748031496062964,0.0,0.0
vehicle,Adaptive,123,0.1,68,"MUL(SCALED_RADIUS_OF_GYRATION,KURTOSIS_ABOUT_MAJOR)",MUL,0.04724409448818889,-0.007874015748031482,-0.0117647058823529
vehicle,Adaptive,123,0.2,136,"MUL(SCALED_RADIUS_OF_GYRATION,KURTOSIS_ABOUT_MAJOR)",MUL,0.04724409448818889,-0.007874015748031482,-0.0117647058823529
spambase,Random,42,0.05,49,"MUL(word_freq_remove,word_freq_report)",MUL,0.0028985507246376274,0.0,-0.0010857763300760048
spambase,Random,42,0.1,98,ABS(word_freq_our),ABS,0.005797101449275366,0.005797101449275366,0.008686210640608039
spambase,Random,42,0.2,197,ABS(word_freq_our),ABS,0.005797101449275366,0.005797101449275366,0.008686210640608039
spambase,Adaptive,42,0.05,49,SQRT(word_freq_order),SQRT,0.005797101449275366,0.0028985507246376274,0.0032573289902280145
spambase,Adaptive,42,0.1,98,SQRT(word_freq_order),SQRT,0.005797101449275366,0.0028985507246376274,0.0032573289902280145
spambase,Adaptive,42,0.2,197,SQRT(word_freq_order),SQRT,0.005797101449275366,0.0028985507246376274,0.0032573289902280145
spambase,Random,7,0.05,49,SQRT(word_freq_edu),SQRT,0.0014492753623187582,0.0,0.0021715526601520097
spambase,Random,7,0.1,98,ABS(char_freq_%21),ABS,0.008695652173912993,0.004347826086956497,0.008686210640608039
spambase,Random,7,0.2,197,ABS(char_freq_%21),ABS,0.008695652173912993,0.004347826086956497,0.008686210640608039
spambase,Adaptive,7,0.05,49,"SUB(word_freq_receive,word_freq_addresses)",SUB,0.0,0.0,0.0
spambase,Adaptive,7,0.1,98,"SUB(word_freq_receive,word_freq_addresses)",SUB,0.0,0.0,0.0
spambase,Adaptive,7,0.2,197,"SUB(word_freq_receive,word_freq_addresses)",SUB,0.0,0.0,0.0
spambase,Random,13,0.05,49,SQUARE(word_freq_pm),SQUARE,0.0014492753623188692,0.0,0.0
spambase,Random,13,0.1,98,SQUARE(word_freq_pm),SQUARE,0.0014492753623188692,0.0,0.0
spambase,Random,13,0.2,197,SQUARE(char_freq_%21),SQUARE,0.004347826086956497,0.0,-0.0032573289902280145
spambase,Adaptive,13,0.05,49,SQUARE(char_freq_%21),SQUARE,0.004347826086956497,0.0,-0.0032573289902280145
spambase,Adaptive,13,0.1,98,SQUARE(char_freq_%21),SQUARE,0.004347826086956497,0.0,-0.0032573289902280145
spambase,Adaptive,13,0.2,197,SQUARE(char_freq_%21),SQUARE,0.004347826086956497,0.0,-0.0032573289902280145
spambase,Random,99,0.05,49,SQRT(char_freq_%21),SQRT,0.0028985507246377384,0.0028985507246376274,0.013029315960912058
spambase,Random,99,0.1,98,SQRT(char_freq_%21),SQRT,0.0028985507246377384,0.0028985507246376274,0.013029315960912058
spambase,Random,99,0.2,197,LOG(word_freq_our),LOG,0.005797101449275366,0.004347826086956497,0.010857763300760048
spambase,Adaptive,99,0.05,49,ABS(char_freq_%21),ABS,0.007246376811594235,0.0028985507246376274,0.013029315960912058
spambase,Adaptive,99,0.1,98,ABS(char_freq_%21),ABS,0.007246376811594235,0.0028985507246376274,0.013029315960912058
spambase,Adaptive,99,0.2,197,ABS(char_freq_%21),ABS,0.007246376811594235,0.0028985507246376274,0.013029315960912058
spambase,Random,123,0.05,49,LOG(word_freq_000),LOG,0.004347826086956497,0.0028985507246376274,0.0
spambase,Random,123,0.1,98,SQUARE(word_freq_re),SQUARE,0.008695652173913104,0.0014492753623187582,-0.0021715526601520097
spambase,Random,123,0.2,197,ABS(capital_run_length_total),ABS,0.010144927536231862,-0.008695652173913104,0.005428881650380024
spambase,Adaptive,123,0.05,49,ABS(char_freq_%21),ABS,0.010144927536231862,0.0028985507246376274,0.008686210640608039
spambase,Adaptive,123,0.1,98,ABS(char_freq_%21),ABS,0.010144927536231862,0.0028985507246376274,0.008686210640608039
spambase,Adaptive,123,0.2,197,ABS(char_freq_%21),ABS,0.010144927536231862,0.0028985507246376274,0.008686210640608039
