dataset,strategy,seed,budget_pct,budget_abs,best_utility,regret
breast_cancer,Random,42,0.01,8,0.0,0.0
breast_cancer,Random,42,0.02,17,0.0,0.0
breast_cancer,Random,42,0.05,44,0.0,0.0
breast_cancer,Random,42,0.1,88,0.0,0.0
breast_cancer,Random,42,0.2,176,0.0,0.0
breast_cancer,TransformFreq,42,0.01,8,0.0,0.0
breast_cancer,TransformFreq,42,0.02,17,0.0,0.0
breast_cancer,TransformFreq,42,0.05,44,0.0,0.0
breast_cancer,TransformFreq,42,0.1,88,0.0,0.0
breast_cancer,TransformFreq,42,0.2,176,0.0,0.0
breast_cancer,SimPrior,42,0.01,8,0.0,0.0
breast_cancer,SimPrior,42,0.02,17,0.0,0.0
breast_cancer,SimPrior,42,0.05,44,0.0,0.0
breast_cancer,SimPrior,42,0.1,88,0.0,0.0
breast_cancer,SimPrior,42,0.2,176,0.0,0.0
breast_cancer,Adaptive,42,0.01,8,0.0,0.0
breast_cancer,Adaptive,42,0.02,17,0.0,0.0
breast_cancer,Adaptive,42,0.05,44,0.0,0.0
breast_cancer,Adaptive,42,0.1,88,0.0,0.0
breast_cancer,Adaptive,42,0.2,176,0.0,0.0
breast_cancer,Random,7,0.01,8,0.0,0.0
breast_cancer,Random,7,0.02,17,0.0,0.0
breast_cancer,Random,7,0.05,44,0.0,0.0
breast_cancer,Random,7,0.1,88,0.0,0.0
breast_cancer,Random,7,0.2,176,0.0,0.0
breast_cancer,TransformFreq,7,0.01,8,0.0,0.0
breast_cancer,TransformFreq,7,0.02,17,0.0,0.0
breast_cancer,TransformFreq,7,0.05,44,0.0,0.0
breast_cancer,TransformFreq,7,0.1,88,0.0,0.0
breast_cancer,TransformFreq,7,0.2,176,0.0,0.0
breast_cancer,SimPrior,7,0.01,8,0.0,0.0
breast_cancer,SimPrior,7,0.02,17,0.0,0.0
breast_cancer,SimPrior,7,0.05,44,0.0,0.0
breast_cancer,SimPrior,7,0.1,88,0.0,0.0
breast_cancer,SimPrior,7,0.2,176,0.0,0.0
breast_cancer,Adaptive,7,0.01,8,0.0,0.0
breast_cancer,Adaptive,7,0.02,17,0.0,0.0
breast_cancer,Adaptive,7,0.05,44,0.0,0.0
breast_cancer,Adaptive,7,0.1,88,0.0,0.0
breast_cancer,Adaptive,7,0.2,176,0.0,0.0
breast_cancer,Random,13,0.01,8,0.0,0.0
breast_cancer,Random,13,0.02,17,0.0,0.0
breast_cancer,Random,13,0.05,44,0.0,0.0
breast_cancer,Random,13,0.1,88,0.0,0.0
breast_cancer,Random,13,0.2,176,0.0,0.0
breast_cancer,TransformFreq,13,0.01,8,0.0,0.0
breast_cancer,TransformFreq,13,0.02,17,0.0,0.0
breast_cancer,TransformFreq,13,0.05,44,0.0,0.0
breast_cancer,TransformFreq,13,0.1,88,0.0,0.0
breast_cancer,TransformFreq,13,0.2,176,0.0,0.0
breast_cancer,SimPrior,13,0.01,8,0.0,0.0
breast_cancer,SimPrior,13,0.02,17,0.0,0.0
breast_cancer,SimPrior,13,0.05,44,0.0,0.0
breast_cancer,SimPrior,13,0.1,88,0.0,0.0
breast_cancer,SimPrior,13,0.2,176,0.0,0.0
breast_cancer,Adaptive,13,0.01,8,0.0,0.0
breast_cancer,Adaptive,13,0.02,17,0.0,0.0
breast_cancer,Adaptive,13,0.05,44,0.0,0.0
breast_cancer,Adaptive,13,0.1,88,0.0,0.0
breast_cancer,Adaptive,13,0.2,176,0.0,0.0
breast_cancer,Random,99,0.01,8,0.0,0.0
breast_cancer,Random,99,0.02,17,0.0,0.0
breast_cancer,Random,99,0.05,44,0.0,0.0
breast_cancer,Random,99,0.1,88,0.0,0.0
breast_cancer,Random,99,0.2,176,0.0,0.0
breast_cancer,TransformFreq,99,0.01,8,0.0,0.0
breast_cancer,TransformFreq,99,0.02,17,0.0,0.0
breast_cancer,TransformFreq,99,0.05,44,0.0,0.0
breast_cancer,TransformFreq,99,0.1,88,0.0,0.0
breast_cancer,TransformFreq,99,0.2,176,0.0,0.0
breast_cancer,SimPrior,99,0.01,8,0.0,0.0
breast_cancer,SimPrior,99,0.02,17,0.0,0.0
breast_cancer,SimPrior,99,0.05,44,0.0,0.0
breast_cancer,SimPrior,99,0.1,88,0.0,0.0
breast_cancer,SimPrior,99,0.2,176,0.0,0.0
breast_cancer,Adaptive,99,0.01,8,0.0,0.0
breast_cancer,Adaptive,99,0.02,17,0.0,0.0
breast_cancer,Adaptive,99,0.05,44,0.0,0.0
breast_cancer,Adaptive,99,0.1,88,0.0,0.0
breast_cancer,Adaptive,99,0.2,176,0.0,0.0
breast_cancer,Random,123,0.01,8,0.0,0.0
breast_cancer,Random,123,0.02,17,0.0,0.0
breast_cancer,Random,123,0.05,44,0.0,0.0
breast_cancer,Random,123,0.1,88,0.0,0.0
breast_cancer,Random,123,0.2,176,0.0,0.0
breast_cancer,TransformFreq,123,0.01,8,0.0,0.0
breast_cancer,TransformFreq,123,0.02,17,0.0,0.0
breast_cancer,TransformFreq,123,0.05,44,0.0,0.0
breast_cancer,TransformFreq,123,0.1,88,0.0,0.0
breast_cancer,TransformFreq,123,0.2,176,0.0,0.0
breast_cancer,SimPrior,123,0.01,8,0.0,0.0
breast_cancer,SimPrior,123,0.02,17,0.0,0.0
breast_cancer,SimPrior,123,0.05,44,0.0,0.0
breast_cancer,SimPrior,123,0.1,88,0.0,0.0
breast_cancer,SimPrior,123,0.2,176,0.0,0.0
breast_cancer,Adaptive,123,0.01,8,0.0,0.0
breast_cancer,Adaptive,123,0.02,17,0.0,0.0
breast_cancer,Adaptive,123,0.05,44,0.0,0.0
breast_cancer,Adaptive,123,0.1,88,0.0,0.0
breast_cancer,Adaptive,123,0.2,176,0.0,0.0
wine,Random,42,0.01,5,0.0,0.0
wine,Random,42,0.02,7,0.0,0.0
wine,Random,42,0.05,18,0.0,0.0
wine,Random,42,0.1,36,0.0,0.0
wine,Random,42,0.2,72,0.0,0.0
wine,TransformFreq,42,0.01,5,0.0,0.0
wine,TransformFreq,42,0.02,7,0.0,0.0
wine,TransformFreq,42,0.05,18,0.0,0.0
wine,TransformFreq,42,0.1,36,0.0,0.0
wine,TransformFreq,42,0.2,72,0.0,0.0
wine,SimPrior,42,0.01,5,0.0,0.0
wine,SimPrior,42,0.02,7,0.0,0.0
wine,SimPrior,42,0.05,18,0.0,0.0
wine,SimPrior,42,0.1,36,0.0,0.0
wine,SimPrior,42,0.2,72,0.0,0.0
wine,Adaptive,42,0.01,5,0.0,0.0
wine,Adaptive,42,0.02,7,0.0,0.0
wine,Adaptive,42,0.05,18,0.0,0.0
wine,Adaptive,42,0.1,36,0.0,0.0
wine,Adaptive,42,0.2,72,0.0,0.0
wine,Random,7,0.01,5,0.0,0.0
wine,Random,7,0.02,7,0.0,0.0
wine,Random,7,0.05,18,0.0,0.0
wine,Random,7,0.1,36,0.0,0.0
wine,Random,7,0.2,72,0.0,0.0
wine,TransformFreq,7,0.01,5,0.0,0.0
wine,TransformFreq,7,0.02,7,0.0,0.0
wine,TransformFreq,7,0.05,18,0.0,0.0
wine,TransformFreq,7,0.1,36,0.0,0.0
wine,TransformFreq,7,0.2,72,0.0,0.0
wine,SimPrior,7,0.01,5,0.0,0.0
wine,SimPrior,7,0.02,7,0.0,0.0
wine,SimPrior,7,0.05,18,0.0,0.0
wine,SimPrior,7,0.1,36,0.0,0.0
wine,SimPrior,7,0.2,72,0.0,0.0
wine,Adaptive,7,0.01,5,0.0,0.0
wine,Adaptive,7,0.02,7,0.0,0.0
wine,Adaptive,7,0.05,18,0.0,0.0
wine,Adaptive,7,0.1,36,0.0,0.0
wine,Adaptive,7,0.2,72,0.0,0.0
wine,Random,13,0.01,5,0.0,0.0
wine,Random,13,0.02,7,0.0,0.0
wine,Random,13,0.05,18,0.0,0.0
wine,Random,13,0.1,36,0.0,0.0
wine,Random,13,0.2,72,0.0,0.0
wine,TransformFreq,13,0.01,5,0.0,0.0
wine,TransformFreq,13,0.02,7,0.0,0.0
wine,TransformFreq,13,0.05,18,0.0,0.0
wine,TransformFreq,13,0.1,36,0.0,0.0
wine,TransformFreq,13,0.2,72,0.0,0.0
wine,SimPrior,13,0.01,5,0.0,0.0
wine,SimPrior,13,0.02,7,0.0,0.0
wine,SimPrior,13,0.05,18,0.0,0.0
wine,SimPrior,13,0.1,36,0.0,0.0
wine,SimPrior,13,0.2,72,0.0,0.0
wine,Adaptive,13,0.01,5,0.0,0.0
wine,Adaptive,13,0.02,7,0.0,0.0
wine,Adaptive,13,0.05,18,0.0,0.0
wine,Adaptive,13,0.1,36,0.0,0.0
wine,Adaptive,13,0.2,72,0.0,0.0
wine,Random,99,0.01,5,0.0,0.0
wine,Random,99,0.02,7,0.0,0.0
wine,Random,99,0.05,18,0.0,0.0
wine,Random,99,0.1,36,0.0,0.0
wine,Random,99,0.2,72,0.0,0.0
wine,TransformFreq,99,0.01,5,0.0,0.0
wine,TransformFreq,99,0.02,7,0.0,0.0
wine,TransformFreq,99,0.05,18,0.0,0.0
wine,TransformFreq,99,0.1,36,0.0,0.0
wine,TransformFreq,99,0.2,72,0.0,0.0
wine,SimPrior,99,0.01,5,0.0,0.0
wine,SimPrior,99,0.02,7,0.0,0.0
wine,SimPrior,99,0.05,18,0.0,0.0
wine,SimPrior,99,0.1,36,0.0,0.0
wine,SimPrior,99,0.2,72,0.0,0.0
wine,Adaptive,99,0.01,5,0.0,0.0
wine,Adaptive,99,0.02,7,0.0,0.0
wine,Adaptive,99,0.05,18,0.0,0.0
wine,Adaptive,99,0.1,36,0.0,0.0
wine,Adaptive,99,0.2,72,0.0,0.0
wine,Random,123,0.01,5,0.0,0.0
wine,Random,123,0.02,7,0.0,0.0
wine,Random,123,0.05,18,0.0,0.0
wine,Random,123,0.1,36,0.0,0.0
wine,Random,123,0.2,72,0.0,0.0
wine,TransformFreq,123,0.01,5,0.0,0.0
wine,TransformFreq,123,0.02,7,0.0,0.0
wine,TransformFreq,123,0.05,18,0.0,0.0
wine,TransformFreq,123,0.1,36,0.0,0.0
wine,TransformFreq,123,0.2,72,0.0,0.0
wine,SimPrior,123,0.01,5,0.0,0.0
wine,SimPrior,123,0.02,7,0.0,0.0
wine,SimPrior,123,0.05,18,0.0,0.0
wine,SimPrior,123,0.1,36,0.0,0.0
wine,SimPrior,123,0.2,72,0.0,0.0
wine,Adaptive,123,0.01,5,0.0,0.0
wine,Adaptive,123,0.02,7,0.0,0.0
wine,Adaptive,123,0.05,18,0.0,0.0
wine,Adaptive,123,0.1,36,0.0,0.0
wine,Adaptive,123,0.2,72,0.0,0.0
diabetes,Random,42,0.01,5,0.04321060578605024,0.0879867711382048
diabetes,Random,42,0.02,5,0.04321060578605024,0.0879867711382048
diabetes,Random,42,0.05,11,0.04321060578605024,0.0879867711382048
diabetes,Random,42,0.1,22,0.04321060578605024,0.0879867711382048
diabetes,Random,42,0.2,44,0.05855697746994987,0.07264039945430517
diabetes,TransformFreq,42,0.01,5,0.03723735571329306,0.09396002121096197
diabetes,TransformFreq,42,0.02,5,0.03723735571329306,0.09396002121096197
diabetes,TransformFreq,42,0.05,11,0.03723735571329306,0.09396002121096197
diabetes,TransformFreq,42,0.1,22,0.03723735571329306,0.09396002121096197
diabetes,TransformFreq,42,0.2,44,0.13119737692425504,0.0
diabetes,SimPrior,42,0.01,5,0.03504180722399075,0.09615556970026429
diabetes,SimPrior,42,0.02,5,0.03504180722399075,0.09615556970026429
diabetes,SimPrior,42,0.05,11,0.03504180722399075,0.09615556970026429
diabetes,SimPrior,42,0.1,22,0.03504180722399075,0.09615556970026429
diabetes,SimPrior,42,0.2,44,0.13119737692425504,0.0
diabetes,Adaptive,42,0.01,5,0.03723735571329306,0.09396002121096197
diabetes,Adaptive,42,0.02,5,0.03723735571329306,0.09396002121096197
diabetes,Adaptive,42,0.05,11,0.050523080397264164,0.08067429652699087
diabetes,Adaptive,42,0.1,22,0.050523080397264164,0.08067429652699087
diabetes,Adaptive,42,0.2,44,0.07103051655846127,0.06016686036579377
diabetes,Random,7,0.01,5,0.024703758211506943,0.1064936187127481
diabetes,Random,7,0.02,5,0.024703758211506943,0.1064936187127481
diabetes,Random,7,0.05,11,0.050523080397264164,0.08067429652699087
diabetes,Random,7,0.1,22,0.08123057368132375,0.04996680324293129
diabetes,Random,7,0.2,44,0.08123057368132375,0.04996680324293129
diabetes,TransformFreq,7,0.01,5,0.04876868041154103,0.082428696512714
diabetes,TransformFreq,7,0.02,5,0.04876868041154103,0.082428696512714
diabetes,TransformFreq,7,0.05,11,0.04876868041154103,0.082428696512714
diabetes,TransformFreq,7,0.1,22,0.04876868041154103,0.082428696512714
diabetes,TransformFreq,7,0.2,44,0.13119737692425504,0.0
diabetes,SimPrior,7,0.01,5,0.031580551793124134,0.0996168251311309
diabetes,SimPrior,7,0.02,5,0.031580551793124134,0.0996168251311309
diabetes,SimPrior,7,0.05,11,0.031580551793124134,0.0996168251311309
diabetes,SimPrior,7,0.1,22,0.031580551793124134,0.0996168251311309
diabetes,SimPrior,7,0.2,44,0.13119737692425504,0.0
diabetes,Adaptive,7,0.01,5,0.029046195693622767,0.10215118123063227
diabetes,Adaptive,7,0.02,5,0.029046195693622767,0.10215118123063227
diabetes,Adaptive,7,0.05,11,0.04913595567692974,0.0820614212473253
diabetes,Adaptive,7,0.1,22,0.04913595567692974,0.0820614212473253
diabetes,Adaptive,7,0.2,44,0.05290546729094575,0.07829190963330929
diabetes,Random,13,0.01,5,0.07103051655846127,0.06016686036579377
diabetes,Random,13,0.02,5,0.07103051655846127,0.06016686036579377
diabetes,Random,13,0.05,11,0.07103051655846127,0.06016686036579377
diabetes,Random,13,0.1,22,0.07103051655846127,0.06016686036579377
diabetes,Random,13,0.2,44,0.07103051655846127,0.06016686036579377
diabetes,TransformFreq,13,0.01,5,0.03203557950495767,0.09916179741929737
diabetes,TransformFreq,13,0.02,5,0.03203557950495767,0.09916179741929737
diabetes,TransformFreq,13,0.05,11,0.03203557950495767,0.09916179741929737
diabetes,TransformFreq,13,0.1,22,0.03203557950495767,0.09916179741929737
diabetes,TransformFreq,13,0.2,44,0.13119737692425504,0.0
diabetes,SimPrior,13,0.01,5,0.08123057368132375,0.04996680324293129
diabetes,SimPrior,13,0.02,5,0.08123057368132375,0.04996680324293129
diabetes,SimPrior,13,0.05,11,0.08123057368132375,0.04996680324293129
diabetes,SimPrior,13,0.1,22,0.08123057368132375,0.04996680324293129
diabetes,SimPrior,13,0.2,44,0.13119737692425504,0.0
diabetes,Adaptive,13,0.01,5,0.04682772203786306,0.08436965488639198
diabetes,Adaptive,13,0.02,5,0.04682772203786306,0.08436965488639198
diabetes,Adaptive,13,0.05,11,0.04682772203786306,0.08436965488639198
diabetes,Adaptive,13,0.1,22,0.06931150696975197,0.06188586995450307
diabetes,Adaptive,13,0.2,44,0.06931150696975197,0.06188586995450307
diabetes,Random,99,0.01,5,0.03681197499589706,0.09438540192835798
diabetes,Random,99,0.02,5,0.03681197499589706,0.09438540192835798
diabetes,Random,99,0.05,11,0.03681197499589706,0.09438540192835798
diabetes,Random,99,0.1,22,0.05531411849889978,0.07588325842535526
diabetes,Random,99,0.2,44,0.05531411849889978,0.07588325842535526
diabetes,TransformFreq,99,0.01,5,0.03030342958345017,0.10089394734080487
diabetes,TransformFreq,99,0.02,5,0.03030342958345017,0.10089394734080487
diabetes,TransformFreq,99,0.05,11,0.03030342958345017,0.10089394734080487
diabetes,TransformFreq,99,0.1,22,0.03030342958345017,0.10089394734080487
diabetes,TransformFreq,99,0.2,44,0.13119737692425504,0.0
diabetes,SimPrior,99,0.01,5,0.02858941941207238,0.10260795751218266
diabetes,SimPrior,99,0.02,5,0.02858941941207238,0.10260795751218266
diabetes,SimPrior,99,0.05,11,0.02858941941207238,0.10260795751218266
diabetes,SimPrior,99,0.1,22,0.02858941941207238,0.10260795751218266
diabetes,SimPrior,99,0.2,44,0.13119737692425504,0.0
diabetes,Adaptive,99,0.01,5,0.13119737692425504,0.0
diabetes,Adaptive,99,0.02,5,0.13119737692425504,0.0
diabetes,Adaptive,99,0.05,11,0.13119737692425504,0.0
diabetes,Adaptive,99,0.1,22,0.13119737692425504,0.0
diabetes,Adaptive,99,0.2,44,0.13119737692425504,0.0
diabetes,Random,123,0.01,5,0.02858941941207238,0.10260795751218266
diabetes,Random,123,0.02,5,0.02858941941207238,0.10260795751218266
diabetes,Random,123,0.05,11,0.05531411849889978,0.07588325842535526
diabetes,Random,123,0.1,22,0.05531411849889978,0.07588325842535526
diabetes,Random,123,0.2,44,0.056575443285615645,0.07462193363863939
diabetes,TransformFreq,123,0.01,5,0.02967851365854174,0.1015188632657133
diabetes,TransformFreq,123,0.02,5,0.02967851365854174,0.1015188632657133
diabetes,TransformFreq,123,0.05,11,0.02967851365854174,0.1015188632657133
diabetes,TransformFreq,123,0.1,22,0.02967851365854174,0.1015188632657133
diabetes,TransformFreq,123,0.2,44,0.13119737692425504,0.0
diabetes,SimPrior,123,0.01,5,0.05035616301537954,0.0808412139088755
diabetes,SimPrior,123,0.02,5,0.05035616301537954,0.0808412139088755
diabetes,SimPrior,123,0.05,11,0.05035616301537954,0.0808412139088755
diabetes,SimPrior,123,0.1,22,0.05035616301537954,0.0808412139088755
diabetes,SimPrior,123,0.2,44,0.13119737692425504,0.0
diabetes,Adaptive,123,0.01,5,0.07103051655846127,0.06016686036579377
diabetes,Adaptive,123,0.02,5,0.07103051655846127,0.06016686036579377
diabetes,Adaptive,123,0.05,11,0.07103051655846127,0.06016686036579377
diabetes,Adaptive,123,0.1,22,0.07103051655846127,0.06016686036579377
diabetes,Adaptive,123,0.2,44,0.13119737692425504,0.0
california_housing,Random,42,0.01,5,0.0012868998647665997,0.03607948755429413
california_housing,Random,42,0.02,5,0.0012868998647665997,0.03607948755429413
california_housing,Random,42,0.05,7,0.0020548861449254385,0.03531150127413529
california_housing,Random,42,0.1,14,0.006111032150494022,0.03125535526856671
california_housing,Random,42,0.2,28,0.00827233605593003,0.029094051363130702
california_housing,TransformFreq,42,0.01,5,0.00017782897785778573,0.037188558441202946
california_housing,TransformFreq,42,0.02,5,0.00017782897785778573,0.037188558441202946
california_housing,TransformFreq,42,0.05,7,0.00017782897785778573,0.037188558441202946
california_housing,TransformFreq,42,0.1,14,0.001357558733858788,0.03600882868520194
california_housing,TransformFreq,42,0.2,28,0.0038921170785233272,0.033474270340537404
california_housing,SimPrior,42,0.01,5,0.0032368484532458996,0.03412953896581483
california_housing,SimPrior,42,0.02,5,0.0032368484532458996,0.03412953896581483
california_housing,SimPrior,42,0.05,7,0.0032368484532458996,0.03412953896581483
california_housing,SimPrior,42,0.1,14,0.0032368484532458996,0.03412953896581483
california_housing,SimPrior,42,0.2,28,0.0038921170785233272,0.033474270340537404
california_housing,Adaptive,42,0.01,5,0.0027368244076034776,0.034629563011457254
california_housing,Adaptive,42,0.02,5,0.0027368244076034776,0.034629563011457254
california_housing,Adaptive,42,0.05,7,0.012457257656347975,0.024909129762712756
california_housing,Adaptive,42,0.1,14,0.03736638741906073,0.0
california_housing,Adaptive,42,0.2,28,0.03736638741906073,0.0
california_housing,Random,7,0.01,5,0.0018637707404139947,0.03550261667864674
california_housing,Random,7,0.02,5,0.0018637707404139947,0.03550261667864674
california_housing,Random,7,0.05,7,0.003563376711564259,0.03380301070749647
california_housing,Random,7,0.1,14,0.009747745912941586,0.027618641506119146
california_housing,Random,7,0.2,28,0.009747745912941586,0.027618641506119146
california_housing,TransformFreq,7,0.01,5,0.006111032150494022,0.03125535526856671
california_housing,TransformFreq,7,0.02,5,0.006111032150494022,0.03125535526856671
california_housing,TransformFreq,7,0.05,7,0.006111032150494022,0.03125535526856671
california_housing,TransformFreq,7,0.1,14,0.006111032150494022,0.03125535526856671
california_housing,TransformFreq,7,0.2,28,0.006111032150494022,0.03125535526856671
california_housing,SimPrior,7,0.01,5,0.001705525923590634,0.0356608614954701
california_housing,SimPrior,7,0.02,5,0.001705525923590634,0.0356608614954701
california_housing,SimPrior,7,0.05,7,0.001705525923590634,0.0356608614954701
california_housing,SimPrior,7,0.1,14,0.001705525923590634,0.0356608614954701
california_housing,SimPrior,7,0.2,28,0.0038921170785233272,0.033474270340537404
california_housing,Adaptive,7,0.01,5,0.001357558733858788,0.03600882868520194
california_housing,Adaptive,7,0.02,5,0.001357558733858788,0.03600882868520194
california_housing,Adaptive,7,0.05,7,0.001357558733858788,0.03600882868520194
california_housing,Adaptive,7,0.1,14,0.001357558733858788,0.03600882868520194
california_housing,Adaptive,7,0.2,28,0.0032368484532458996,0.03412953896581483
california_housing,Random,13,0.01,5,-0.0005940593237678815,0.03796044674282861
california_housing,Random,13,0.02,5,-0.0005940593237678815,0.03796044674282861
california_housing,Random,13,0.05,7,0.009747745912941586,0.027618641506119146
california_housing,Random,13,0.1,14,0.009747745912941586,0.027618641506119146
california_housing,Random,13,0.2,28,0.009747745912941586,0.027618641506119146
california_housing,TransformFreq,13,0.01,5,0.0017987539271938635,0.03556763349186687
california_housing,TransformFreq,13,0.02,5,0.0017987539271938635,0.03556763349186687
california_housing,TransformFreq,13,0.05,7,0.0017987539271938635,0.03556763349186687
california_housing,TransformFreq,13,0.1,14,0.0017987539271938635,0.03556763349186687
california_housing,TransformFreq,13,0.2,28,0.0038921170785233272,0.033474270340537404
california_housing,SimPrior,13,0.01,5,0.00016371337676468478,0.03720267404229605
california_housing,SimPrior,13,0.02,5,0.00016371337676468478,0.03720267404229605
california_housing,SimPrior,13,0.05,7,0.00016371337676468478,0.03720267404229605
california_housing,SimPrior,13,0.1,14,0.001357558733858788,0.03600882868520194
california_housing,SimPrior,13,0.2,28,0.0038921170785233272,0.033474270340537404
california_housing,Adaptive,13,0.01,5,0.009676409381774498,0.027689978037286234
california_housing,Adaptive,13,0.02,5,0.009676409381774498,0.027689978037286234
california_housing,Adaptive,13,0.05,7,0.009676409381774498,0.027689978037286234
california_housing,Adaptive,13,0.1,14,0.009747745912941586,0.027618641506119146
california_housing,Adaptive,13,0.2,28,0.03736638741906073,0.0
california_housing,Random,99,0.01,5,0.03736638741906073,0.0
california_housing,Random,99,0.02,5,0.03736638741906073,0.0
california_housing,Random,99,0.05,7,0.03736638741906073,0.0
california_housing,Random,99,0.1,14,0.03736638741906073,0.0
california_housing,Random,99,0.2,28,0.03736638741906073,0.0
california_housing,TransformFreq,99,0.01,5,0.0018637707404139947,0.03550261667864674
california_housing,TransformFreq,99,0.02,5,0.0018637707404139947,0.03550261667864674
california_housing,TransformFreq,99,0.05,7,0.0018637707404139947,0.03550261667864674
california_housing,TransformFreq,99,0.1,14,0.0018637707404139947,0.03550261667864674
california_housing,TransformFreq,99,0.2,28,0.0038921170785233272,0.033474270340537404
california_housing,SimPrior,99,0.01,5,0.003563376711564259,0.03380301070749647
california_housing,SimPrior,99,0.02,5,0.003563376711564259,0.03380301070749647
california_housing,SimPrior,99,0.05,7,0.003563376711564259,0.03380301070749647
california_housing,SimPrior,99,0.1,14,0.003563376711564259,0.03380301070749647
california_housing,SimPrior,99,0.2,28,0.0038921170785233272,0.033474270340537404
california_housing,Adaptive,99,0.01,5,0.003563376711564259,0.03380301070749647
california_housing,Adaptive,99,0.02,5,0.003563376711564259,0.03380301070749647
california_housing,Adaptive,99,0.05,7,0.003563376711564259,0.03380301070749647
california_housing,Adaptive,99,0.1,14,0.012457257656347975,0.024909129762712756
california_housing,Adaptive,99,0.2,28,0.03736638741906073,0.0
california_housing,Random,123,0.01,5,0.00030877403174600637,0.037057613387314725
california_housing,Random,123,0.02,5,0.00030877403174600637,0.037057613387314725
california_housing,Random,123,0.05,7,0.0015488667225498354,0.035817520696510896
california_housing,Random,123,0.1,14,0.006111032150494022,0.03125535526856671
california_housing,Random,123,0.2,28,0.009676409381774498,0.027689978037286234
california_housing,TransformFreq,123,0.01,5,-0.00013190216486225204,0.037498289583922984
california_housing,TransformFreq,123,0.02,5,-0.00013190216486225204,0.037498289583922984
california_housing,TransformFreq,123,0.05,7,-0.00013190216486225204,0.037498289583922984
california_housing,TransformFreq,123,0.1,14,0.001357558733858788,0.03600882868520194
california_housing,TransformFreq,123,0.2,28,0.0038921170785233272,0.033474270340537404
california_housing,SimPrior,123,0.01,5,-0.0008477815247992515,0.03821416894385998
california_housing,SimPrior,123,0.02,5,-0.0008477815247992515,0.03821416894385998
california_housing,SimPrior,123,0.05,7,-0.0008477815247992515,0.03821416894385998
california_housing,SimPrior,123,0.1,14,0.001357558733858788,0.03600882868520194
california_housing,SimPrior,123,0.2,28,0.0038921170785233272,0.033474270340537404
california_housing,Adaptive,123,0.01,5,0.0015488667225498354,0.035817520696510896
california_housing,Adaptive,123,0.02,5,0.0015488667225498354,0.035817520696510896
california_housing,Adaptive,123,0.05,7,0.0015488667225498354,0.035817520696510896
california_housing,Adaptive,123,0.1,14,0.0031309987579110077,0.034235388661149724
california_housing,Adaptive,123,0.2,28,0.0032368484532458996,0.03412953896581483
iris,Random,42,0.01,5,0.0,0.04347826086956519
iris,Random,42,0.02,5,0.0,0.04347826086956519
iris,Random,42,0.05,5,0.0,0.04347826086956519
iris,Random,42,0.1,5,0.0,0.04347826086956519
iris,Random,42,0.2,8,0.04347826086956519,0.0
iris,TransformFreq,42,0.01,5,0.04347826086956519,0.0
iris,TransformFreq,42,0.02,5,0.04347826086956519,0.0
iris,TransformFreq,42,0.05,5,0.04347826086956519,0.0
iris,TransformFreq,42,0.1,5,0.04347826086956519,0.0
iris,TransformFreq,42,0.2,8,0.04347826086956519,0.0
iris,SimPrior,42,0.01,5,0.04347826086956519,0.0
iris,SimPrior,42,0.02,5,0.04347826086956519,0.0
iris,SimPrior,42,0.05,5,0.04347826086956519,0.0
iris,SimPrior,42,0.1,5,0.04347826086956519,0.0
iris,SimPrior,42,0.2,8,0.04347826086956519,0.0
iris,Adaptive,42,0.01,5,0.04347826086956519,0.0
iris,Adaptive,42,0.02,5,0.04347826086956519,0.0
iris,Adaptive,42,0.05,5,0.04347826086956519,0.0
iris,Adaptive,42,0.1,5,0.04347826086956519,0.0
iris,Adaptive,42,0.2,8,0.04347826086956519,0.0
iris,Random,7,0.01,5,0.0,0.04347826086956519
iris,Random,7,0.02,5,0.0,0.04347826086956519
iris,Random,7,0.05,5,0.0,0.04347826086956519
iris,Random,7,0.1,5,0.0,0.04347826086956519
iris,Random,7,0.2,8,0.04347826086956519,0.0
iris,TransformFreq,7,0.01,5,0.04347826086956519,0.0
iris,TransformFreq,7,0.02,5,0.04347826086956519,0.0
iris,TransformFreq,7,0.05,5,0.04347826086956519,0.0
iris,TransformFreq,7,0.1,5,0.04347826086956519,0.0
iris,TransformFreq,7,0.2,8,0.04347826086956519,0.0
iris,SimPrior,7,0.01,5,0.0,0.04347826086956519
iris,SimPrior,7,0.02,5,0.0,0.04347826086956519
iris,SimPrior,7,0.05,5,0.0,0.04347826086956519
iris,SimPrior,7,0.1,5,0.0,0.04347826086956519
iris,SimPrior,7,0.2,8,0.0,0.04347826086956519
iris,Adaptive,7,0.01,5,0.04347826086956519,0.0
iris,Adaptive,7,0.02,5,0.04347826086956519,0.0
iris,Adaptive,7,0.05,5,0.04347826086956519,0.0
iris,Adaptive,7,0.1,5,0.04347826086956519,0.0
iris,Adaptive,7,0.2,8,0.04347826086956519,0.0
iris,Random,13,0.01,5,0.04347826086956519,0.0
iris,Random,13,0.02,5,0.04347826086956519,0.0
iris,Random,13,0.05,5,0.04347826086956519,0.0
iris,Random,13,0.1,5,0.04347826086956519,0.0
iris,Random,13,0.2,8,0.04347826086956519,0.0
iris,TransformFreq,13,0.01,5,0.04347826086956519,0.0
iris,TransformFreq,13,0.02,5,0.04347826086956519,0.0
iris,TransformFreq,13,0.05,5,0.04347826086956519,0.0
iris,TransformFreq,13,0.1,5,0.04347826086956519,0.0
iris,TransformFreq,13,0.2,8,0.04347826086956519,0.0
iris,SimPrior,13,0.01,5,0.04347826086956519,0.0
iris,SimPrior,13,0.02,5,0.04347826086956519,0.0
iris,SimPrior,13,0.05,5,0.04347826086956519,0.0
iris,SimPrior,13,0.1,5,0.04347826086956519,0.0
iris,SimPrior,13,0.2,8,0.04347826086956519,0.0
iris,Adaptive,13,0.01,5,0.04347826086956519,0.0
iris,Adaptive,13,0.02,5,0.04347826086956519,0.0
iris,Adaptive,13,0.05,5,0.04347826086956519,0.0
iris,Adaptive,13,0.1,5,0.04347826086956519,0.0
iris,Adaptive,13,0.2,8,0.04347826086956519,0.0
iris,Random,99,0.01,5,0.04347826086956519,0.0
iris,Random,99,0.02,5,0.04347826086956519,0.0
iris,Random,99,0.05,5,0.04347826086956519,0.0
iris,Random,99,0.1,5,0.04347826086956519,0.0
iris,Random,99,0.2,8,0.04347826086956519,0.0
iris,TransformFreq,99,0.01,5,0.04347826086956519,0.0
iris,TransformFreq,99,0.02,5,0.04347826086956519,0.0
iris,TransformFreq,99,0.05,5,0.04347826086956519,0.0
iris,TransformFreq,99,0.1,5,0.04347826086956519,0.0
iris,TransformFreq,99,0.2,8,0.04347826086956519,0.0
iris,SimPrior,99,0.01,5,0.04347826086956519,0.0
iris,SimPrior,99,0.02,5,0.04347826086956519,0.0
iris,SimPrior,99,0.05,5,0.04347826086956519,0.0
iris,SimPrior,99,0.1,5,0.04347826086956519,0.0
iris,SimPrior,99,0.2,8,0.04347826086956519,0.0
iris,Adaptive,99,0.01,5,0.04347826086956519,0.0
iris,Adaptive,99,0.02,5,0.04347826086956519,0.0
iris,Adaptive,99,0.05,5,0.04347826086956519,0.0
iris,Adaptive,99,0.1,5,0.04347826086956519,0.0
iris,Adaptive,99,0.2,8,0.04347826086956519,0.0
iris,Random,123,0.01,5,0.04347826086956519,0.0
iris,Random,123,0.02,5,0.04347826086956519,0.0
iris,Random,123,0.05,5,0.04347826086956519,0.0
iris,Random,123,0.1,5,0.04347826086956519,0.0
iris,Random,123,0.2,8,0.04347826086956519,0.0
iris,TransformFreq,123,0.01,5,0.04347826086956519,0.0
iris,TransformFreq,123,0.02,5,0.04347826086956519,0.0
iris,TransformFreq,123,0.05,5,0.04347826086956519,0.0
iris,TransformFreq,123,0.1,5,0.04347826086956519,0.0
iris,TransformFreq,123,0.2,8,0.04347826086956519,0.0
iris,SimPrior,123,0.01,5,0.04347826086956519,0.0
iris,SimPrior,123,0.02,5,0.04347826086956519,0.0
iris,SimPrior,123,0.05,5,0.04347826086956519,0.0
iris,SimPrior,123,0.1,5,0.04347826086956519,0.0
iris,SimPrior,123,0.2,8,0.04347826086956519,0.0
iris,Adaptive,123,0.01,5,0.04347826086956519,0.0
iris,Adaptive,123,0.02,5,0.04347826086956519,0.0
iris,Adaptive,123,0.05,5,0.04347826086956519,0.0
iris,Adaptive,123,0.1,5,0.04347826086956519,0.0
iris,Adaptive,123,0.2,8,0.04347826086956519,0.0
titanic,Random,42,0.01,90,0.005076142131979711,0.0050761421319796
titanic,Random,42,0.02,181,0.005076142131979711,0.0050761421319796
titanic,Random,42,0.05,453,0.005076142131979711,0.0050761421319796
titanic,Random,42,0.1,907,0.005076142131979711,0.0050761421319796
titanic,Random,42,0.2,1814,0.005076142131979711,0.0050761421319796
titanic,TransformFreq,42,0.01,90,0.005076142131979711,0.0050761421319796
titanic,TransformFreq,42,0.02,181,0.005076142131979711,0.0050761421319796
titanic,TransformFreq,42,0.05,453,0.005076142131979711,0.0050761421319796
titanic,TransformFreq,42,0.1,907,0.005076142131979711,0.0050761421319796
titanic,TransformFreq,42,0.2,1814,0.005076142131979711,0.0050761421319796
titanic,SimPrior,42,0.01,90,0.005076142131979711,0.0050761421319796
titanic,SimPrior,42,0.02,181,0.005076142131979711,0.0050761421319796
titanic,SimPrior,42,0.05,453,0.005076142131979711,0.0050761421319796
titanic,SimPrior,42,0.1,907,0.005076142131979711,0.0050761421319796
titanic,SimPrior,42,0.2,1814,0.005076142131979711,0.0050761421319796
titanic,Adaptive,42,0.01,90,0.005076142131979711,0.0050761421319796
titanic,Adaptive,42,0.02,181,0.005076142131979711,0.0050761421319796
titanic,Adaptive,42,0.05,453,0.005076142131979711,0.0050761421319796
titanic,Adaptive,42,0.1,907,0.005076142131979711,0.0050761421319796
titanic,Adaptive,42,0.2,1814,0.005076142131979711,0.0050761421319796
titanic,Random,7,0.01,90,0.005076142131979711,0.0050761421319796
titanic,Random,7,0.02,181,0.005076142131979711,0.0050761421319796
titanic,Random,7,0.05,453,0.005076142131979711,0.0050761421319796
titanic,Random,7,0.1,907,0.005076142131979711,0.0050761421319796
titanic,Random,7,0.2,1814,0.005076142131979711,0.0050761421319796
titanic,TransformFreq,7,0.01,90,0.005076142131979711,0.0050761421319796
titanic,TransformFreq,7,0.02,181,0.005076142131979711,0.0050761421319796
titanic,TransformFreq,7,0.05,453,0.005076142131979711,0.0050761421319796
titanic,TransformFreq,7,0.1,907,0.005076142131979711,0.0050761421319796
titanic,TransformFreq,7,0.2,1814,0.005076142131979711,0.0050761421319796
titanic,SimPrior,7,0.01,90,0.005076142131979711,0.0050761421319796
titanic,SimPrior,7,0.02,181,0.005076142131979711,0.0050761421319796
titanic,SimPrior,7,0.05,453,0.005076142131979711,0.0050761421319796
titanic,SimPrior,7,0.1,907,0.005076142131979711,0.0050761421319796
titanic,SimPrior,7,0.2,1814,0.005076142131979711,0.0050761421319796
titanic,Adaptive,7,0.01,90,0.005076142131979711,0.0050761421319796
titanic,Adaptive,7,0.02,181,0.005076142131979711,0.0050761421319796
titanic,Adaptive,7,0.05,453,0.005076142131979711,0.0050761421319796
titanic,Adaptive,7,0.1,907,0.005076142131979711,0.0050761421319796
titanic,Adaptive,7,0.2,1814,0.005076142131979711,0.0050761421319796
titanic,Random,13,0.01,90,0.005076142131979711,0.0050761421319796
titanic,Random,13,0.02,181,0.005076142131979711,0.0050761421319796
titanic,Random,13,0.05,453,0.005076142131979711,0.0050761421319796
titanic,Random,13,0.1,907,0.005076142131979711,0.0050761421319796
titanic,Random,13,0.2,1814,0.005076142131979711,0.0050761421319796
titanic,TransformFreq,13,0.01,90,0.005076142131979711,0.0050761421319796
titanic,TransformFreq,13,0.02,181,0.005076142131979711,0.0050761421319796
titanic,TransformFreq,13,0.05,453,0.005076142131979711,0.0050761421319796
titanic,TransformFreq,13,0.1,907,0.005076142131979711,0.0050761421319796
titanic,TransformFreq,13,0.2,1814,0.005076142131979711,0.0050761421319796
titanic,SimPrior,13,0.01,90,0.005076142131979711,0.0050761421319796
titanic,SimPrior,13,0.02,181,0.005076142131979711,0.0050761421319796
titanic,SimPrior,13,0.05,453,0.005076142131979711,0.0050761421319796
titanic,SimPrior,13,0.1,907,0.005076142131979711,0.0050761421319796
titanic,SimPrior,13,0.2,1814,0.005076142131979711,0.0050761421319796
titanic,Adaptive,13,0.01,90,0.005076142131979711,0.0050761421319796
titanic,Adaptive,13,0.02,181,0.005076142131979711,0.0050761421319796
titanic,Adaptive,13,0.05,453,0.005076142131979711,0.0050761421319796
titanic,Adaptive,13,0.1,907,0.005076142131979711,0.0050761421319796
titanic,Adaptive,13,0.2,1814,0.005076142131979711,0.0050761421319796
titanic,Random,99,0.01,90,0.005076142131979711,0.0050761421319796
titanic,Random,99,0.02,181,0.005076142131979711,0.0050761421319796
titanic,Random,99,0.05,453,0.005076142131979711,0.0050761421319796
titanic,Random,99,0.1,907,0.005076142131979711,0.0050761421319796
titanic,Random,99,0.2,1814,0.005076142131979711,0.0050761421319796
titanic,TransformFreq,99,0.01,90,0.005076142131979711,0.0050761421319796
titanic,TransformFreq,99,0.02,181,0.005076142131979711,0.0050761421319796
titanic,TransformFreq,99,0.05,453,0.005076142131979711,0.0050761421319796
titanic,TransformFreq,99,0.1,907,0.005076142131979711,0.0050761421319796
titanic,TransformFreq,99,0.2,1814,0.005076142131979711,0.0050761421319796
titanic,SimPrior,99,0.01,90,0.005076142131979711,0.0050761421319796
titanic,SimPrior,99,0.02,181,0.005076142131979711,0.0050761421319796
titanic,SimPrior,99,0.05,453,0.005076142131979711,0.0050761421319796
titanic,SimPrior,99,0.1,907,0.005076142131979711,0.0050761421319796
titanic,SimPrior,99,0.2,1814,0.005076142131979711,0.0050761421319796
titanic,Adaptive,99,0.01,90,0.005076142131979711,0.0050761421319796
titanic,Adaptive,99,0.02,181,0.005076142131979711,0.0050761421319796
titanic,Adaptive,99,0.05,453,0.005076142131979711,0.0050761421319796
titanic,Adaptive,99,0.1,907,0.005076142131979711,0.0050761421319796
titanic,Adaptive,99,0.2,1814,0.005076142131979711,0.0050761421319796
titanic,Random,123,0.01,90,0.005076142131979711,0.0050761421319796
titanic,Random,123,0.02,181,0.005076142131979711,0.0050761421319796
titanic,Random,123,0.05,453,0.005076142131979711,0.0050761421319796
titanic,Random,123,0.1,907,0.005076142131979711,0.0050761421319796
titanic,Random,123,0.2,1814,0.005076142131979711,0.0050761421319796
titanic,TransformFreq,123,0.01,90,0.005076142131979711,0.0050761421319796
titanic,TransformFreq,123,0.02,181,0.005076142131979711,0.0050761421319796
titanic,TransformFreq,123,0.05,453,0.005076142131979711,0.0050761421319796
titanic,TransformFreq,123,0.1,907,0.005076142131979711,0.0050761421319796
titanic,TransformFreq,123,0.2,1814,0.005076142131979711,0.0050761421319796
titanic,SimPrior,123,0.01,90,0.005076142131979711,0.0050761421319796
titanic,SimPrior,123,0.02,181,0.005076142131979711,0.0050761421319796
titanic,SimPrior,123,0.05,453,0.005076142131979711,0.0050761421319796
titanic,SimPrior,123,0.1,907,0.005076142131979711,0.0050761421319796
titanic,SimPrior,123,0.2,1814,0.005076142131979711,0.0050761421319796
titanic,Adaptive,123,0.01,90,0.005076142131979711,0.0050761421319796
titanic,Adaptive,123,0.02,181,0.005076142131979711,0.0050761421319796
titanic,Adaptive,123,0.05,453,0.005076142131979711,0.0050761421319796
titanic,Adaptive,123,0.1,907,0.005076142131979711,0.0050761421319796
titanic,Adaptive,123,0.2,1814,0.005076142131979711,0.0050761421319796
credit_g,Random,42,0.01,10,0.020000000000000018,0.00666666666666671
credit_g,Random,42,0.02,20,0.020000000000000018,0.00666666666666671
credit_g,Random,42,0.05,50,0.020000000000000018,0.00666666666666671
credit_g,Random,42,0.1,100,0.020000000000000018,0.00666666666666671
credit_g,Random,42,0.2,200,0.026666666666666727,0.0
credit_g,TransformFreq,42,0.01,10,0.00666666666666671,0.020000000000000018
credit_g,TransformFreq,42,0.02,20,0.00666666666666671,0.020000000000000018
credit_g,TransformFreq,42,0.05,50,0.00666666666666671,0.020000000000000018
credit_g,TransformFreq,42,0.1,100,0.01333333333333342,0.013333333333333308
credit_g,TransformFreq,42,0.2,200,0.01333333333333342,0.013333333333333308
credit_g,SimPrior,42,0.01,10,0.00666666666666671,0.020000000000000018
credit_g,SimPrior,42,0.02,20,0.00666666666666671,0.020000000000000018
credit_g,SimPrior,42,0.05,50,0.01333333333333342,0.013333333333333308
credit_g,SimPrior,42,0.1,100,0.01333333333333342,0.013333333333333308
credit_g,SimPrior,42,0.2,200,0.01333333333333342,0.013333333333333308
credit_g,Adaptive,42,0.01,10,0.0,0.026666666666666727
credit_g,Adaptive,42,0.02,20,0.01333333333333342,0.013333333333333308
credit_g,Adaptive,42,0.05,50,0.020000000000000018,0.00666666666666671
credit_g,Adaptive,42,0.1,100,0.020000000000000018,0.00666666666666671
credit_g,Adaptive,42,0.2,200,0.020000000000000018,0.00666666666666671
credit_g,Random,7,0.01,10,0.020000000000000018,0.00666666666666671
credit_g,Random,7,0.02,20,0.020000000000000018,0.00666666666666671
credit_g,Random,7,0.05,50,0.020000000000000018,0.00666666666666671
credit_g,Random,7,0.1,100,0.020000000000000018,0.00666666666666671
credit_g,Random,7,0.2,200,0.020000000000000018,0.00666666666666671
credit_g,TransformFreq,7,0.01,10,0.00666666666666671,0.020000000000000018
credit_g,TransformFreq,7,0.02,20,0.00666666666666671,0.020000000000000018
credit_g,TransformFreq,7,0.05,50,0.00666666666666671,0.020000000000000018
credit_g,TransformFreq,7,0.1,100,0.01333333333333342,0.013333333333333308
credit_g,TransformFreq,7,0.2,200,0.01333333333333342,0.013333333333333308
credit_g,SimPrior,7,0.01,10,0.020000000000000018,0.00666666666666671
credit_g,SimPrior,7,0.02,20,0.020000000000000018,0.00666666666666671
credit_g,SimPrior,7,0.05,50,0.020000000000000018,0.00666666666666671
credit_g,SimPrior,7,0.1,100,0.020000000000000018,0.00666666666666671
credit_g,SimPrior,7,0.2,200,0.020000000000000018,0.00666666666666671
credit_g,Adaptive,7,0.01,10,0.00666666666666671,0.020000000000000018
credit_g,Adaptive,7,0.02,20,0.01333333333333342,0.013333333333333308
credit_g,Adaptive,7,0.05,50,0.020000000000000018,0.00666666666666671
credit_g,Adaptive,7,0.1,100,0.020000000000000018,0.00666666666666671
credit_g,Adaptive,7,0.2,200,0.020000000000000018,0.00666666666666671
credit_g,Random,13,0.01,10,0.026666666666666727,0.0
credit_g,Random,13,0.02,20,0.026666666666666727,0.0
credit_g,Random,13,0.05,50,0.026666666666666727,0.0
credit_g,Random,13,0.1,100,0.026666666666666727,0.0
credit_g,Random,13,0.2,200,0.026666666666666727,0.0
credit_g,TransformFreq,13,0.01,10,0.020000000000000018,0.00666666666666671
credit_g,TransformFreq,13,0.02,20,0.020000000000000018,0.00666666666666671
credit_g,TransformFreq,13,0.05,50,0.020000000000000018,0.00666666666666671
credit_g,TransformFreq,13,0.1,100,0.020000000000000018,0.00666666666666671
credit_g,TransformFreq,13,0.2,200,0.020000000000000018,0.00666666666666671
credit_g,SimPrior,13,0.01,10,0.0,0.026666666666666727
credit_g,SimPrior,13,0.02,20,0.0,0.026666666666666727
credit_g,SimPrior,13,0.05,50,0.01333333333333342,0.013333333333333308
credit_g,SimPrior,13,0.1,100,0.01333333333333342,0.013333333333333308
credit_g,SimPrior,13,0.2,200,0.01333333333333342,0.013333333333333308
credit_g,Adaptive,13,0.01,10,0.00666666666666671,0.020000000000000018
credit_g,Adaptive,13,0.02,20,0.01333333333333342,0.013333333333333308
credit_g,Adaptive,13,0.05,50,0.020000000000000018,0.00666666666666671
credit_g,Adaptive,13,0.1,100,0.020000000000000018,0.00666666666666671
credit_g,Adaptive,13,0.2,200,0.020000000000000018,0.00666666666666671
credit_g,Random,99,0.01,10,0.020000000000000018,0.00666666666666671
credit_g,Random,99,0.02,20,0.026666666666666727,0.0
credit_g,Random,99,0.05,50,0.026666666666666727,0.0
credit_g,Random,99,0.1,100,0.026666666666666727,0.0
credit_g,Random,99,0.2,200,0.026666666666666727,0.0
credit_g,TransformFreq,99,0.01,10,0.00666666666666671,0.020000000000000018
credit_g,TransformFreq,99,0.02,20,0.00666666666666671,0.020000000000000018
credit_g,TransformFreq,99,0.05,50,0.00666666666666671,0.020000000000000018
credit_g,TransformFreq,99,0.1,100,0.01333333333333342,0.013333333333333308
credit_g,TransformFreq,99,0.2,200,0.01333333333333342,0.013333333333333308
credit_g,SimPrior,99,0.01,10,0.01333333333333342,0.013333333333333308
credit_g,SimPrior,99,0.02,20,0.01333333333333342,0.013333333333333308
credit_g,SimPrior,99,0.05,50,0.01333333333333342,0.013333333333333308
credit_g,SimPrior,99,0.1,100,0.01333333333333342,0.013333333333333308
credit_g,SimPrior,99,0.2,200,0.01333333333333342,0.013333333333333308
credit_g,Adaptive,99,0.01,10,0.020000000000000018,0.00666666666666671
credit_g,Adaptive,99,0.02,20,0.020000000000000018,0.00666666666666671
credit_g,Adaptive,99,0.05,50,0.020000000000000018,0.00666666666666671
credit_g,Adaptive,99,0.1,100,0.020000000000000018,0.00666666666666671
credit_g,Adaptive,99,0.2,200,0.026666666666666727,0.0
credit_g,Random,123,0.01,10,0.01333333333333342,0.013333333333333308
credit_g,Random,123,0.02,20,0.01333333333333342,0.013333333333333308
credit_g,Random,123,0.05,50,0.020000000000000018,0.00666666666666671
credit_g,Random,123,0.1,100,0.026666666666666727,0.0
credit_g,Random,123,0.2,200,0.026666666666666727,0.0
credit_g,TransformFreq,123,0.01,10,0.00666666666666671,0.020000000000000018
credit_g,TransformFreq,123,0.02,20,0.00666666666666671,0.020000000000000018
credit_g,TransformFreq,123,0.05,50,0.00666666666666671,0.020000000000000018
credit_g,TransformFreq,123,0.1,100,0.01333333333333342,0.013333333333333308
credit_g,TransformFreq,123,0.2,200,0.01333333333333342,0.013333333333333308
credit_g,SimPrior,123,0.01,10,0.020000000000000018,0.00666666666666671
credit_g,SimPrior,123,0.02,20,0.020000000000000018,0.00666666666666671
credit_g,SimPrior,123,0.05,50,0.020000000000000018,0.00666666666666671
credit_g,SimPrior,123,0.1,100,0.020000000000000018,0.00666666666666671
credit_g,SimPrior,123,0.2,200,0.020000000000000018,0.00666666666666671
credit_g,Adaptive,123,0.01,10,0.020000000000000018,0.00666666666666671
credit_g,Adaptive,123,0.02,20,0.020000000000000018,0.00666666666666671
credit_g,Adaptive,123,0.05,50,0.020000000000000018,0.00666666666666671
credit_g,Adaptive,123,0.1,100,0.026666666666666727,0.0
credit_g,Adaptive,123,0.2,200,0.026666666666666727,0.0
blood_transfusion,Random,42,0.01,5,0.03539823008849563,0.008849557522123908
blood_transfusion,Random,42,0.02,5,0.03539823008849563,0.008849557522123908
blood_transfusion,Random,42,0.05,5,0.03539823008849563,0.008849557522123908
blood_transfusion,Random,42,0.1,5,0.03539823008849563,0.008849557522123908
blood_transfusion,Random,42,0.2,8,0.03539823008849563,0.008849557522123908
blood_transfusion,TransformFreq,42,0.01,5,0.017699115044247815,0.026548672566371723
blood_transfusion,TransformFreq,42,0.02,5,0.017699115044247815,0.026548672566371723
blood_transfusion,TransformFreq,42,0.05,5,0.017699115044247815,0.026548672566371723
blood_transfusion,TransformFreq,42,0.1,5,0.017699115044247815,0.026548672566371723
blood_transfusion,TransformFreq,42,0.2,8,0.026548672566371723,0.017699115044247815
blood_transfusion,SimPrior,42,0.01,5,0.03539823008849563,0.008849557522123908
blood_transfusion,SimPrior,42,0.02,5,0.03539823008849563,0.008849557522123908
blood_transfusion,SimPrior,42,0.05,5,0.03539823008849563,0.008849557522123908
blood_transfusion,SimPrior,42,0.1,5,0.03539823008849563,0.008849557522123908
blood_transfusion,SimPrior,42,0.2,8,0.03539823008849563,0.008849557522123908
blood_transfusion,Adaptive,42,0.01,5,0.026548672566371723,0.017699115044247815
blood_transfusion,Adaptive,42,0.02,5,0.026548672566371723,0.017699115044247815
blood_transfusion,Adaptive,42,0.05,5,0.026548672566371723,0.017699115044247815
blood_transfusion,Adaptive,42,0.1,5,0.026548672566371723,0.017699115044247815
blood_transfusion,Adaptive,42,0.2,8,0.026548672566371723,0.017699115044247815
blood_transfusion,Random,7,0.01,5,0.03539823008849563,0.008849557522123908
blood_transfusion,Random,7,0.02,5,0.03539823008849563,0.008849557522123908
blood_transfusion,Random,7,0.05,5,0.03539823008849563,0.008849557522123908
blood_transfusion,Random,7,0.1,5,0.03539823008849563,0.008849557522123908
blood_transfusion,Random,7,0.2,8,0.03539823008849563,0.008849557522123908
blood_transfusion,TransformFreq,7,0.01,5,0.03539823008849563,0.008849557522123908
blood_transfusion,TransformFreq,7,0.02,5,0.03539823008849563,0.008849557522123908
blood_transfusion,TransformFreq,7,0.05,5,0.03539823008849563,0.008849557522123908
blood_transfusion,TransformFreq,7,0.1,5,0.03539823008849563,0.008849557522123908
blood_transfusion,TransformFreq,7,0.2,8,0.03539823008849563,0.008849557522123908
blood_transfusion,SimPrior,7,0.01,5,0.0,0.04424778761061954
blood_transfusion,SimPrior,7,0.02,5,0.0,0.04424778761061954
blood_transfusion,SimPrior,7,0.05,5,0.0,0.04424778761061954
blood_transfusion,SimPrior,7,0.1,5,0.0,0.04424778761061954
blood_transfusion,SimPrior,7,0.2,8,0.0,0.04424778761061954
blood_transfusion,Adaptive,7,0.01,5,0.03539823008849563,0.008849557522123908
blood_transfusion,Adaptive,7,0.02,5,0.03539823008849563,0.008849557522123908
blood_transfusion,Adaptive,7,0.05,5,0.03539823008849563,0.008849557522123908
blood_transfusion,Adaptive,7,0.1,5,0.03539823008849563,0.008849557522123908
blood_transfusion,Adaptive,7,0.2,8,0.04424778761061954,0.0
blood_transfusion,Random,13,0.01,5,0.04424778761061954,0.0
blood_transfusion,Random,13,0.02,5,0.04424778761061954,0.0
blood_transfusion,Random,13,0.05,5,0.04424778761061954,0.0
blood_transfusion,Random,13,0.1,5,0.04424778761061954,0.0
blood_transfusion,Random,13,0.2,8,0.04424778761061954,0.0
blood_transfusion,TransformFreq,13,0.01,5,0.04424778761061954,0.0
blood_transfusion,TransformFreq,13,0.02,5,0.04424778761061954,0.0
blood_transfusion,TransformFreq,13,0.05,5,0.04424778761061954,0.0
blood_transfusion,TransformFreq,13,0.1,5,0.04424778761061954,0.0
blood_transfusion,TransformFreq,13,0.2,8,0.04424778761061954,0.0
blood_transfusion,SimPrior,13,0.01,5,0.026548672566371723,0.017699115044247815
blood_transfusion,SimPrior,13,0.02,5,0.026548672566371723,0.017699115044247815
blood_transfusion,SimPrior,13,0.05,5,0.026548672566371723,0.017699115044247815
blood_transfusion,SimPrior,13,0.1,5,0.026548672566371723,0.017699115044247815
blood_transfusion,SimPrior,13,0.2,8,0.026548672566371723,0.017699115044247815
blood_transfusion,Adaptive,13,0.01,5,0.04424778761061954,0.0
blood_transfusion,Adaptive,13,0.02,5,0.04424778761061954,0.0
blood_transfusion,Adaptive,13,0.05,5,0.04424778761061954,0.0
blood_transfusion,Adaptive,13,0.1,5,0.04424778761061954,0.0
blood_transfusion,Adaptive,13,0.2,8,0.04424778761061954,0.0
blood_transfusion,Random,99,0.01,5,0.026548672566371723,0.017699115044247815
blood_transfusion,Random,99,0.02,5,0.026548672566371723,0.017699115044247815
blood_transfusion,Random,99,0.05,5,0.026548672566371723,0.017699115044247815
blood_transfusion,Random,99,0.1,5,0.026548672566371723,0.017699115044247815
blood_transfusion,Random,99,0.2,8,0.03539823008849563,0.008849557522123908
blood_transfusion,TransformFreq,99,0.01,5,0.03539823008849563,0.008849557522123908
blood_transfusion,TransformFreq,99,0.02,5,0.03539823008849563,0.008849557522123908
blood_transfusion,TransformFreq,99,0.05,5,0.03539823008849563,0.008849557522123908
blood_transfusion,TransformFreq,99,0.1,5,0.03539823008849563,0.008849557522123908
blood_transfusion,TransformFreq,99,0.2,8,0.03539823008849563,0.008849557522123908
blood_transfusion,SimPrior,99,0.01,5,0.04424778761061954,0.0
blood_transfusion,SimPrior,99,0.02,5,0.04424778761061954,0.0
blood_transfusion,SimPrior,99,0.05,5,0.04424778761061954,0.0
blood_transfusion,SimPrior,99,0.1,5,0.04424778761061954,0.0
blood_transfusion,SimPrior,99,0.2,8,0.04424778761061954,0.0
blood_transfusion,Adaptive,99,0.01,5,0.03539823008849563,0.008849557522123908
blood_transfusion,Adaptive,99,0.02,5,0.03539823008849563,0.008849557522123908
blood_transfusion,Adaptive,99,0.05,5,0.03539823008849563,0.008849557522123908
blood_transfusion,Adaptive,99,0.1,5,0.03539823008849563,0.008849557522123908
blood_transfusion,Adaptive,99,0.2,8,0.04424778761061954,0.0
blood_transfusion,Random,123,0.01,5,0.03539823008849563,0.008849557522123908
blood_transfusion,Random,123,0.02,5,0.03539823008849563,0.008849557522123908
blood_transfusion,Random,123,0.05,5,0.03539823008849563,0.008849557522123908
blood_transfusion,Random,123,0.1,5,0.03539823008849563,0.008849557522123908
blood_transfusion,Random,123,0.2,8,0.03539823008849563,0.008849557522123908
blood_transfusion,TransformFreq,123,0.01,5,0.03539823008849563,0.008849557522123908
blood_transfusion,TransformFreq,123,0.02,5,0.03539823008849563,0.008849557522123908
blood_transfusion,TransformFreq,123,0.05,5,0.03539823008849563,0.008849557522123908
blood_transfusion,TransformFreq,123,0.1,5,0.03539823008849563,0.008849557522123908
blood_transfusion,TransformFreq,123,0.2,8,0.03539823008849563,0.008849557522123908
blood_transfusion,SimPrior,123,0.01,5,0.03539823008849563,0.008849557522123908
blood_transfusion,SimPrior,123,0.02,5,0.03539823008849563,0.008849557522123908
blood_transfusion,SimPrior,123,0.05,5,0.03539823008849563,0.008849557522123908
blood_transfusion,SimPrior,123,0.1,5,0.03539823008849563,0.008849557522123908
blood_transfusion,SimPrior,123,0.2,8,0.03539823008849563,0.008849557522123908
blood_transfusion,Adaptive,123,0.01,5,0.03539823008849563,0.008849557522123908
blood_transfusion,Adaptive,123,0.02,5,0.03539823008849563,0.008849557522123908
blood_transfusion,Adaptive,123,0.05,5,0.03539823008849563,0.008849557522123908
blood_transfusion,Adaptive,123,0.1,5,0.03539823008849563,0.008849557522123908
blood_transfusion,Adaptive,123,0.2,8,0.03539823008849563,0.008849557522123908
vehicle,Random,42,0.01,6,0.007874015748031482,0.03149606299212604
vehicle,Random,42,0.02,13,0.023622047244094557,0.015748031496062964
vehicle,Random,42,0.05,34,0.023622047244094557,0.015748031496062964
vehicle,Random,42,0.1,68,0.023622047244094557,0.015748031496062964
vehicle,Random,42,0.2,136,0.03937007874015752,0.0
vehicle,TransformFreq,42,0.01,6,0.015748031496062964,0.023622047244094557
vehicle,TransformFreq,42,0.02,13,0.015748031496062964,0.023622047244094557
vehicle,TransformFreq,42,0.05,34,0.015748031496062964,0.023622047244094557
vehicle,TransformFreq,42,0.1,68,0.015748031496062964,0.023622047244094557
vehicle,TransformFreq,42,0.2,136,0.015748031496062964,0.023622047244094557
vehicle,SimPrior,42,0.01,6,0.015748031496062964,0.023622047244094557
vehicle,SimPrior,42,0.02,13,0.015748031496062964,0.023622047244094557
vehicle,SimPrior,42,0.05,34,0.015748031496062964,0.023622047244094557
vehicle,SimPrior,42,0.1,68,0.015748031496062964,0.023622047244094557
vehicle,SimPrior,42,0.2,136,0.015748031496062964,0.023622047244094557
vehicle,Adaptive,42,0.01,6,0.007874015748031482,0.03149606299212604
vehicle,Adaptive,42,0.02,13,0.007874015748031482,0.03149606299212604
vehicle,Adaptive,42,0.05,34,0.03149606299212604,0.007874015748031482
vehicle,Adaptive,42,0.1,68,0.03149606299212604,0.007874015748031482
vehicle,Adaptive,42,0.2,136,0.03937007874015752,0.0
vehicle,Random,7,0.01,6,0.007874015748031482,0.03149606299212604
vehicle,Random,7,0.02,13,0.015748031496062964,0.023622047244094557
vehicle,Random,7,0.05,34,0.023622047244094557,0.015748031496062964
vehicle,Random,7,0.1,68,0.023622047244094557,0.015748031496062964
vehicle,Random,7,0.2,136,0.03149606299212604,0.007874015748031482
vehicle,TransformFreq,7,0.01,6,0.023622047244094557,0.015748031496062964
vehicle,TransformFreq,7,0.02,13,0.023622047244094557,0.015748031496062964
vehicle,TransformFreq,7,0.05,34,0.023622047244094557,0.015748031496062964
vehicle,TransformFreq,7,0.1,68,0.023622047244094557,0.015748031496062964
vehicle,TransformFreq,7,0.2,136,0.023622047244094557,0.015748031496062964
vehicle,SimPrior,7,0.01,6,0.015748031496062964,0.023622047244094557
vehicle,SimPrior,7,0.02,13,0.015748031496062964,0.023622047244094557
vehicle,SimPrior,7,0.05,34,0.015748031496062964,0.023622047244094557
vehicle,SimPrior,7,0.1,68,0.015748031496062964,0.023622047244094557
vehicle,SimPrior,7,0.2,136,0.015748031496062964,0.023622047244094557
vehicle,Adaptive,7,0.01,6,0.015748031496062964,0.023622047244094557
vehicle,Adaptive,7,0.02,13,0.015748031496062964,0.023622047244094557
vehicle,Adaptive,7,0.05,34,0.015748031496062964,0.023622047244094557
vehicle,Adaptive,7,0.1,68,0.03937007874015752,0.0
vehicle,Adaptive,7,0.2,136,0.03937007874015752,0.0
vehicle,Random,13,0.01,6,0.015748031496062964,0.023622047244094557
vehicle,Random,13,0.02,13,0.015748031496062964,0.023622047244094557
vehicle,Random,13,0.05,34,0.023622047244094557,0.015748031496062964
vehicle,Random,13,0.1,68,0.03149606299212604,0.007874015748031482
vehicle,Random,13,0.2,136,0.03149606299212604,0.007874015748031482
vehicle,TransformFreq,13,0.01,6,0.015748031496062964,0.023622047244094557
vehicle,TransformFreq,13,0.02,13,0.015748031496062964,0.023622047244094557
vehicle,TransformFreq,13,0.05,34,0.015748031496062964,0.023622047244094557
vehicle,TransformFreq,13,0.1,68,0.015748031496062964,0.023622047244094557
vehicle,TransformFreq,13,0.2,136,0.015748031496062964,0.023622047244094557
vehicle,SimPrior,13,0.01,6,0.015748031496062964,0.023622047244094557
vehicle,SimPrior,13,0.02,13,0.015748031496062964,0.023622047244094557
vehicle,SimPrior,13,0.05,34,0.015748031496062964,0.023622047244094557
vehicle,SimPrior,13,0.1,68,0.015748031496062964,0.023622047244094557
vehicle,SimPrior,13,0.2,136,0.015748031496062964,0.023622047244094557
vehicle,Adaptive,13,0.01,6,0.015748031496062964,0.023622047244094557
vehicle,Adaptive,13,0.02,13,0.015748031496062964,0.023622047244094557
vehicle,Adaptive,13,0.05,34,0.03149606299212604,0.007874015748031482
vehicle,Adaptive,13,0.1,68,0.03937007874015752,0.0
vehicle,Adaptive,13,0.2,136,0.03937007874015752,0.0
vehicle,Random,99,0.01,6,0.015748031496062964,0.023622047244094557
vehicle,Random,99,0.02,13,0.015748031496062964,0.023622047244094557
vehicle,Random,99,0.05,34,0.015748031496062964,0.023622047244094557
vehicle,Random,99,0.1,68,0.03149606299212604,0.007874015748031482
vehicle,Random,99,0.2,136,0.03149606299212604,0.007874015748031482
vehicle,TransformFreq,99,0.01,6,0.015748031496062964,0.023622047244094557
vehicle,TransformFreq,99,0.02,13,0.015748031496062964,0.023622047244094557
vehicle,TransformFreq,99,0.05,34,0.015748031496062964,0.023622047244094557
vehicle,TransformFreq,99,0.1,68,0.015748031496062964,0.023622047244094557
vehicle,TransformFreq,99,0.2,136,0.015748031496062964,0.023622047244094557
vehicle,SimPrior,99,0.01,6,0.015748031496062964,0.023622047244094557
vehicle,SimPrior,99,0.02,13,0.015748031496062964,0.023622047244094557
vehicle,SimPrior,99,0.05,34,0.015748031496062964,0.023622047244094557
vehicle,SimPrior,99,0.1,68,0.015748031496062964,0.023622047244094557
vehicle,SimPrior,99,0.2,136,0.015748031496062964,0.023622047244094557
vehicle,Adaptive,99,0.01,6,0.007874015748031482,0.03149606299212604
vehicle,Adaptive,99,0.02,13,0.015748031496062964,0.023622047244094557
vehicle,Adaptive,99,0.05,34,0.015748031496062964,0.023622047244094557
vehicle,Adaptive,99,0.1,68,0.03937007874015752,0.0
vehicle,Adaptive,99,0.2,136,0.03937007874015752,0.0
vehicle,Random,123,0.01,6,0.015748031496062964,0.023622047244094557
vehicle,Random,123,0.02,13,0.015748031496062964,0.023622047244094557
vehicle,Random,123,0.05,34,0.015748031496062964,0.023622047244094557
vehicle,Random,123,0.1,68,0.03149606299212604,0.007874015748031482
vehicle,Random,123,0.2,136,0.03937007874015752,0.0
vehicle,TransformFreq,123,0.01,6,0.015748031496062964,0.023622047244094557
vehicle,TransformFreq,123,0.02,13,0.015748031496062964,0.023622047244094557
vehicle,TransformFreq,123,0.05,34,0.015748031496062964,0.023622047244094557
vehicle,TransformFreq,123,0.1,68,0.015748031496062964,0.023622047244094557
vehicle,TransformFreq,123,0.2,136,0.015748031496062964,0.023622047244094557
vehicle,SimPrior,123,0.01,6,0.015748031496062964,0.023622047244094557
vehicle,SimPrior,123,0.02,13,0.015748031496062964,0.023622047244094557
vehicle,SimPrior,123,0.05,34,0.015748031496062964,0.023622047244094557
vehicle,SimPrior,123,0.1,68,0.015748031496062964,0.023622047244094557
vehicle,SimPrior,123,0.2,136,0.015748031496062964,0.023622047244094557
vehicle,Adaptive,123,0.01,6,0.015748031496062964,0.023622047244094557
vehicle,Adaptive,123,0.02,13,0.023622047244094557,0.015748031496062964
vehicle,Adaptive,123,0.05,34,0.023622047244094557,0.015748031496062964
vehicle,Adaptive,123,0.1,68,0.03937007874015752,0.0
vehicle,Adaptive,123,0.2,136,0.03937007874015752,0.0
spambase,Random,42,0.01,9,-1.1102230246251565e-16,0.011594202898550843
spambase,Random,42,0.02,19,-1.1102230246251565e-16,0.011594202898550843
spambase,Random,42,0.05,49,0.004347826086956497,0.007246376811594235
spambase,Random,42,0.1,98,0.005797101449275366,0.005797101449275366
spambase,Random,42,0.2,197,0.005797101449275366,0.005797101449275366
spambase,TransformFreq,42,0.01,9,-1.1102230246251565e-16,0.011594202898550843
spambase,TransformFreq,42,0.02,19,-1.1102230246251565e-16,0.011594202898550843
spambase,TransformFreq,42,0.05,49,-1.1102230246251565e-16,0.011594202898550843
spambase,TransformFreq,42,0.1,98,-1.1102230246251565e-16,0.011594202898550843
spambase,TransformFreq,42,0.2,197,0.005797101449275366,0.005797101449275366
spambase,SimPrior,42,0.01,9,0.005797101449275366,0.005797101449275366
spambase,SimPrior,42,0.02,19,0.005797101449275366,0.005797101449275366
spambase,SimPrior,42,0.05,49,0.008695652173913104,0.0028985507246376274
spambase,SimPrior,42,0.1,98,0.008695652173913104,0.0028985507246376274
spambase,SimPrior,42,0.2,197,0.008695652173913104,0.0028985507246376274
spambase,Adaptive,42,0.01,9,0.011594202898550732,0.0
spambase,Adaptive,42,0.02,19,0.011594202898550732,0.0
spambase,Adaptive,42,0.05,49,0.011594202898550732,0.0
spambase,Adaptive,42,0.1,98,0.011594202898550732,0.0
spambase,Adaptive,42,0.2,197,0.011594202898550732,0.0
spambase,Random,7,0.01,9,0.004347826086956497,0.007246376811594235
spambase,Random,7,0.02,19,0.004347826086956497,0.007246376811594235
spambase,Random,7,0.05,49,0.005797101449275366,0.005797101449275366
spambase,Random,7,0.1,98,0.005797101449275366,0.005797101449275366
spambase,Random,7,0.2,197,0.005797101449275366,0.005797101449275366
spambase,TransformFreq,7,0.01,9,-1.1102230246251565e-16,0.011594202898550843
spambase,TransformFreq,7,0.02,19,-1.1102230246251565e-16,0.011594202898550843
spambase,TransformFreq,7,0.05,49,-1.1102230246251565e-16,0.011594202898550843
spambase,TransformFreq,7,0.1,98,-1.1102230246251565e-16,0.011594202898550843
spambase,TransformFreq,7,0.2,197,0.005797101449275366,0.005797101449275366
spambase,SimPrior,7,0.01,9,0.005797101449275366,0.005797101449275366
spambase,SimPrior,7,0.02,19,0.005797101449275366,0.005797101449275366
spambase,SimPrior,7,0.05,49,0.008695652173913104,0.0028985507246376274
spambase,SimPrior,7,0.1,98,0.008695652173913104,0.0028985507246376274
spambase,SimPrior,7,0.2,197,0.008695652173913104,0.0028985507246376274
spambase,Adaptive,7,0.01,9,-1.1102230246251565e-16,0.011594202898550843
spambase,Adaptive,7,0.02,19,-1.1102230246251565e-16,0.011594202898550843
spambase,Adaptive,7,0.05,49,0.011594202898550732,0.0
spambase,Adaptive,7,0.1,98,0.011594202898550732,0.0
spambase,Adaptive,7,0.2,197,0.011594202898550732,0.0
spambase,Random,13,0.01,9,-1.1102230246251565e-16,0.011594202898550843
spambase,Random,13,0.02,19,0.0014492753623188692,0.010144927536231862
spambase,Random,13,0.05,49,0.004347826086956497,0.007246376811594235
spambase,Random,13,0.1,98,0.008695652173913104,0.0028985507246376274
spambase,Random,13,0.2,197,0.011594202898550732,0.0
spambase,TransformFreq,13,0.01,9,0.0014492753623188692,0.010144927536231862
spambase,TransformFreq,13,0.02,19,0.0014492753623188692,0.010144927536231862
spambase,TransformFreq,13,0.05,49,0.0014492753623188692,0.010144927536231862
spambase,TransformFreq,13,0.1,98,0.0014492753623188692,0.010144927536231862
spambase,TransformFreq,13,0.2,197,0.005797101449275366,0.005797101449275366
spambase,SimPrior,13,0.01,9,0.005797101449275366,0.005797101449275366
spambase,SimPrior,13,0.02,19,0.005797101449275366,0.005797101449275366
spambase,SimPrior,13,0.05,49,0.008695652173913104,0.0028985507246376274
spambase,SimPrior,13,0.1,98,0.008695652173913104,0.0028985507246376274
spambase,SimPrior,13,0.2,197,0.008695652173913104,0.0028985507246376274
spambase,Adaptive,13,0.01,9,0.005797101449275366,0.005797101449275366
spambase,Adaptive,13,0.02,19,0.005797101449275366,0.005797101449275366
spambase,Adaptive,13,0.05,49,0.011594202898550732,0.0
spambase,Adaptive,13,0.1,98,0.011594202898550732,0.0
spambase,Adaptive,13,0.2,197,0.011594202898550732,0.0
spambase,Random,99,0.01,9,0.0028985507246375164,0.008695652173913215
spambase,Random,99,0.02,19,0.0028985507246375164,0.008695652173913215
spambase,Random,99,0.05,49,0.011594202898550732,0.0
spambase,Random,99,0.1,98,0.011594202898550732,0.0
spambase,Random,99,0.2,197,0.011594202898550732,0.0
spambase,TransformFreq,99,0.01,9,0.004347826086956497,0.007246376811594235
spambase,TransformFreq,99,0.02,19,0.004347826086956497,0.007246376811594235
spambase,TransformFreq,99,0.05,49,0.004347826086956497,0.007246376811594235
spambase,TransformFreq,99,0.1,98,0.004347826086956497,0.007246376811594235
spambase,TransformFreq,99,0.2,197,0.005797101449275366,0.005797101449275366
spambase,SimPrior,99,0.01,9,0.005797101449275366,0.005797101449275366
spambase,SimPrior,99,0.02,19,0.005797101449275366,0.005797101449275366
spambase,SimPrior,99,0.05,49,0.008695652173913104,0.0028985507246376274
spambase,SimPrior,99,0.1,98,0.008695652173913104,0.0028985507246376274
spambase,SimPrior,99,0.2,197,0.008695652173913104,0.0028985507246376274
spambase,Adaptive,99,0.01,9,-1.1102230246251565e-16,0.011594202898550843
spambase,Adaptive,99,0.02,19,-1.1102230246251565e-16,0.011594202898550843
spambase,Adaptive,99,0.05,49,-1.1102230246251565e-16,0.011594202898550843
spambase,Adaptive,99,0.1,98,-1.1102230246251565e-16,0.011594202898550843
spambase,Adaptive,99,0.2,197,0.004347826086956497,0.007246376811594235
spambase,Random,123,0.01,9,0.0014492753623188692,0.010144927536231862
spambase,Random,123,0.02,19,0.0028985507246375164,0.008695652173913215
spambase,Random,123,0.05,49,0.010144927536231974,0.0014492753623187582
spambase,Random,123,0.1,98,0.010144927536231974,0.0014492753623187582
spambase,Random,123,0.2,197,0.011594202898550732,0.0
spambase,TransformFreq,123,0.01,9,0.0014492753623188692,0.010144927536231862
spambase,TransformFreq,123,0.02,19,0.0014492753623188692,0.010144927536231862
spambase,TransformFreq,123,0.05,49,0.0014492753623188692,0.010144927536231862
spambase,TransformFreq,123,0.1,98,0.0014492753623188692,0.010144927536231862
spambase,TransformFreq,123,0.2,197,0.005797101449275366,0.005797101449275366
spambase,SimPrior,123,0.01,9,0.005797101449275366,0.005797101449275366
spambase,SimPrior,123,0.02,19,0.005797101449275366,0.005797101449275366
spambase,SimPrior,123,0.05,49,0.008695652173913104,0.0028985507246376274
spambase,SimPrior,123,0.1,98,0.008695652173913104,0.0028985507246376274
spambase,SimPrior,123,0.2,197,0.008695652173913104,0.0028985507246376274
spambase,Adaptive,123,0.01,9,-1.1102230246251565e-16,0.011594202898550843
spambase,Adaptive,123,0.02,19,0.004347826086956497,0.007246376811594235
spambase,Adaptive,123,0.05,49,0.008695652173913104,0.0028985507246376274
spambase,Adaptive,123,0.1,98,0.011594202898550732,0.0
spambase,Adaptive,123,0.2,197,0.011594202898550732,0.0
