target_dataset,model,mean,median,std,min,max
blood_transfusion,A_TransformOnly,0.00035618298341680385,0.00023806391507877317,0.0004663863995243757,4.46233291833555e-05,0.0014283041403986005
blood_transfusion,B_Phase7,0.013730689368657147,0.014229759138810806,0.0024190846569580745,0.009628637649954776,0.017999544924808358
blood_transfusion,C_Phase7_1_Full,0.01838281629760402,0.018898841117583887,0.001850906668757286,0.014745202951281476,0.02109348167628152
blood_transfusion,D_SimOnly,0.011604311575738293,0.010278655620672206,0.0033602552157833573,0.0066682479144870134,0.01827953133168122
breast_cancer,A_TransformOnly,0.0005503316202430957,0.00029427836539795953,0.0005861848893377405,4.721462058201654e-05,0.0016573509691729185
breast_cancer,B_Phase7,0.01504781315794971,0.017147206940022298,0.003796706650926399,0.007142737812379562,0.019969210538846767
breast_cancer,C_Phase7_1_Full,0.013690885224912562,0.0143412652537989,0.004183433413131694,0.0028424736574257765,0.019560088273347823
breast_cancer,D_SimOnly,0.012134533182243923,0.011606162422955247,0.002444656790175163,0.006858098196005996,0.021900408552510332
california_housing,A_TransformOnly,0.0004473745495497238,0.00025448143359449205,0.0004951896517980873,4.765310005229005e-05,0.0014371115383547256
california_housing,B_Phase7,0.009455191464151165,0.008972840547701755,0.002455817491471127,0.005822023862274828,0.014730807816319415
california_housing,C_Phase7_1_Full,0.018108817844012526,0.017943941331234003,0.0016494989658734182,0.01586704710404668,0.022877830042296425
california_housing,D_SimOnly,0.014610928504436092,0.013976245023896923,0.005012280943102509,0.006596562539469759,0.02693348762554737
credit_g,A_TransformOnly,0.0005071011414815031,0.0002869075419650138,0.0005946560753502451,4.545924094195735e-05,0.0017212852334309325
credit_g,B_Phase7,0.003793006623630323,0.003858714747251201,0.0011411431387266023,0.0011099941172748426,0.0076302106951876315
credit_g,C_Phase7_1_Full,0.007655754466542199,0.00745256645054095,0.0012208232395591757,0.001462089354411134,0.011349996060051683
credit_g,D_SimOnly,0.006142217439549893,0.006074512424047851,0.0017982613757674749,0.003489501563068017,0.017833730054695126
diabetes,A_TransformOnly,0.000433773632730062,0.00016408778394046437,0.0005490948407028127,4.412887211405916e-05,0.0015081420364668715
diabetes,B_Phase7,0.008665908005498988,0.008731929215553031,0.0017032641399381675,0.00012066269088814291,0.012210235786114671
diabetes,C_Phase7_1_Full,0.008699739784595163,0.008310526964320813,0.0017803156711715899,0.00011498307394542181,0.012325759870734306
diabetes,D_SimOnly,0.013730483636675067,0.014432224989695389,0.0052554710864637115,0.00528168236323022,0.021721596411846497
iris,A_TransformOnly,0.0003270687171396612,0.00021107418810698656,0.00041697374420173144,4.8583969185259844e-05,0.0012833391155337116
iris,B_Phase7,0.007302538251072663,0.0070203109882532155,0.0010393005228865933,0.005886557667755359,0.00931637448127985
iris,C_Phase7_1_Full,0.00446452898705927,0.004728302690768806,0.0012421926477905083,0.002743345536510378,0.006073769132656925
iris,D_SimOnly,0.011592394768477529,0.011797674773522945,0.002749467453556106,0.007910532577867222,0.020292482745707913
spambase,A_TransformOnly,0.0005303734562299425,0.0002950732689139093,0.0005973589948737279,4.405109571429627e-05,0.001734218823100836
spambase,B_Phase7,0.011581383980885212,0.01155980337592154,0.0014602936764106318,0.008461931698167438,0.015337653682324419
spambase,C_Phase7_1_Full,0.011030269975329637,0.01093379179850005,0.0022562265658594353,0.005395040855675948,0.01494229073521141
spambase,D_SimOnly,0.00830643021407679,0.008594388083524834,0.0010413017168559731,0.00548402377256121,0.01105036998997378
titanic,A_TransformOnly,0.0005095344205947651,0.00046030697516278896,0.00017241059710523622,0.0002794594318184432,0.0007014679035975328
titanic,B_Phase7,0.007935185471742533,0.008033153110529746,0.0004417096718089439,0.00019117642214144364,0.009665554197892345
titanic,C_Phase7_1_Full,0.0044348204104369205,0.004340808851877972,0.000409759512337759,8.638611546764511e-05,0.008217869389395284
titanic,D_SimOnly,0.009485310578097752,0.009062040084870987,0.002349774980706739,0.004212878465543609,0.0195305765719213
vehicle,A_TransformOnly,0.0005601274254059094,0.00026736846175646106,0.0005942175474701842,4.252402804197318e-05,0.00165950006998863
vehicle,B_Phase7,0.008139610446052355,0.00819488672309826,0.0011004455500923133,0.0055154858750291625,0.011200655238600971
vehicle,C_Phase7_1_Full,0.009821291809159152,0.010105921211924548,0.0013317513253957814,0.006002605943599916,0.011997813774555756
vehicle,D_SimOnly,0.01608371189362713,0.016198674655515263,0.0029077886513303934,0.00532722048522257,0.021758047795311555
wine,A_TransformOnly,0.000512065281832996,0.00027070492630442566,0.0005381714965326005,4.882196064592573e-05,0.0015318492378019754
wine,B_Phase7,0.015384670435255323,0.0153806693796702,0.0013724452478348773,0.011779045289650557,0.01882647565678523
wine,C_Phase7_1_Full,0.01289749266443468,0.013145290923681292,0.0017734364007098912,0.00963196717862382,0.016360042550693375
wine,D_SimOnly,0.016134721588425882,0.01556853071279597,0.0034050119039590603,0.0066614727047794595,0.021809232670801204
